日期,股票代码,开盘,收盘,最高,最低,成交量,成交额,振幅,涨跌幅,涨跌额,换手率,MA5,MA10,MA20,MA60,DIF,DEA,MACD,K,D,J,RSI,量比
2026-03-26,600196,25.39,25.29,25.65,25.24,142379,362177037.0,1.62,-0.28,-0.07,0.67,,,,,0.0,0.0,0.0,,,,,
2026-03-27,600196,25.2,26.13,26.18,25.12,227422,588886171.0,4.19,3.32,0.84,1.07,,,,,0.06700854700854819,0.013401709401709639,0.10721367521367711,,,,,
2026-03-30,600196,26.09,26.66,26.72,25.9,324332,858794408.0,3.14,2.03,0.53,1.53,,,,,0.16102369298950592,0.04292610611926889,0.23619517374047405,,,,,
2026-03-31,600196,26.71,26.63,27.18,26.6,294973,792779894.0,2.18,-0.11,-0.03,1.39,,,,,0.23045409291203,0.08043170347782111,0.3000447788684178,,,,,
2026-04-01,600196,26.94,27.07,27.15,26.51,288363,776515470.0,2.4,1.65,0.44,1.36,26.356,,,,0.31732458751899983,0.12781028028605684,0.379028614465886,,,,,
2026-04-02,600196,27.02,27.06,27.35,26.83,320875,870021748.0,1.92,-0.04,-0.01,1.51,26.71,,,,0.38097156092879914,0.17844253641460533,0.4050580490283876,,,,,1.2559013173705194
2026-04-03,600196,26.73,26.7,26.95,26.62,195764,523933929.0,1.22,-1.33,-0.36,0.92,26.824,,,,0.3977779183190542,0.2223096127954951,0.35093661104711815,,,,,0.672282644156968
2026-04-07,600196,26.88,26.68,27.0,26.32,167632,448342146.0,2.55,-0.07,-0.02,0.79,26.827999999999996,,,,0.40481676905707076,0.25881104404781025,0.292011450018521,,,,,0.5884686377304892
2026-04-08,600196,26.96,26.8,27.04,26.5,213667,571511709.0,2.02,0.45,0.12,1.01,26.862000000000002,,,,0.4152908912129867,0.29010701348084555,0.25036775546428225,75.33632286995513,75.33632286995513,75.33632286995513,,0.8427967027635537
2026-04-09,600196,26.64,26.56,27.0,26.46,182252,486076649.0,2.01,-0.9,-0.24,0.86,26.759999999999998,26.558,,,0.399619153401094,0.3120094414648953,0.17521942387239742,71.74887892376677,74.14050822122567,66.96562032884896,,0.7681524334886339
2026-04-10,600196,26.52,26.48,26.77,26.39,153613,407903019.0,1.43,-0.3,-0.08,0.73,26.644,26.677,,,0.3764048955325059,0.3248885322784174,0.10303272650817696,61.1659192825112,69.81564524165418,43.86646736422523,,0.7110462048343347
2026-04-13,600196,26.33,26.35,26.54,26.18,124640,328478671.0,1.36,-0.49,-0.13,0.59,26.574,26.699,,,0.343557201811727,0.32862226618507934,0.02986987125329532,45.620584364979024,61.75062494942914,13.360503196078781,,0.682638718496968
2026-04-14,600196,26.33,26.46,26.46,26.01,167254,438075119.0,1.71,0.42,0.11,0.79,26.53,26.678999999999995,,,0.3226815762263655,0.32743412819333656,-0.009505103933942105,41.60775276073227,55.03633421986352,14.750589842469765,,0.9934260231597855
2026-04-15,600196,26.91,26.8,27.09,26.55,309835,830374746.0,2.04,1.28,0.34,1.46,26.53,26.695999999999998,,,0.3297712533178796,0.32790155321824516,0.003739400199268883,47.3902431340205,52.487637191249185,37.19545501956314,73.23076923076923,1.8411304143204512
2026-04-16,600196,26.87,26.7,26.87,26.61,158259,422524212.0,0.97,-0.37,-0.1,0.75,26.558,26.659,,,0.32359055869364894,0.327039354313326,-0.006897591239354073,52.889791718976596,52.62168870049166,53.42599775594647,71.04477611940295,0.8439633786052385
2026-04-17,600196,26.6,26.15,26.6,26.07,203199,533013913.0,1.99,-2.06,-0.55,0.96,26.492,26.568,,,0.2711858485613483,0.31586865316293045,-0.08936560920316428,39.580848800305304,48.27474206709621,22.193062266723487,50.3267973856209,1.1120773729450821
2026-04-20,600196,26.08,25.87,26.12,25.79,150972,391140915.0,1.26,-1.07,-0.28,0.71,26.395999999999997,26.485000000000003,,,0.20470140787579894,0.29363520410550414,-0.17786759245941042,28.438514584818968,41.66266623967047,1.9902112751159677,35.943060498220675,0.7837107436043053
2026-04-21,600196,25.87,25.63,26.05,25.53,134746,345728389.0,2.01,-0.93,-0.24,0.64,26.229999999999997,26.380000000000003,,,0.13113437989850496,0.2611350392641043,-0.2600013187311987,21.095761859964743,34.80703144643523,-6.326777312976233,33.44370860927154,0.6808661582041377
2026-04-22,600196,25.65,25.59,25.82,25.48,176432,451986734.0,1.33,-0.16,-0.04,0.83,25.988,26.258999999999997,,,0.06881110293739212,0.22267025199876186,-0.3077182981227395,16.341273952191806,28.651778948354092,-8.279736040132768,21.755725190839698,0.9217866879273069
2026-04-23,600196,25.67,25.57,25.83,25.48,156610,401413949.0,1.37,-0.08,-0.02,0.74,25.762,26.160000000000004,26.358999999999998,,0.01760271098282118,0.18165674379557373,-0.3281080656255051,12.757536672061615,23.353698189589934,-8.434786362995027,21.673003802281386,0.9507556993132655
2026-04-24,600196,25.66,25.38,25.67,25.26,122440,311197942.0,1.6,-0.74,-0.19,0.58,25.607999999999997,26.05,26.3635,,-0.037875119875973695,0.13775037106126425,-0.3512509818744759,10.690816797767809,19.13273772564923,-6.19302505799503,23.170731707317074,0.7448060061389924
2026-04-27,600196,25.3,25.37,25.41,25.22,115903,293407475.0,0.75,-0.04,-0.01,0.55,25.508,25.951999999999998,26.325499999999998,,-0.08170675237359859,0.09385894637429168,-0.35113139749578054,9.80100798995576,16.02216114708474,-2.641298324302202,23.265306122449005,0.7818604964921748
2026-04-28,600196,25.5,25.3,25.89,25.2,246744,629713102.0,2.72,-0.28,-0.07,1.16,25.442,25.836000000000002,26.2575,,-0.12070068948856161,0.050947019201721025,-0.34329541738056524,8.530013310669137,13.524778534946208,-1.4595171378850047,18.74999999999997,1.7471545648045474
2026-04-29,600196,25.46,25.28,25.66,25.06,251895,637134722.0,2.37,-0.08,-0.02,1.19,25.380000000000003,25.684000000000005,26.190000000000005,,-0.15147143008303843,0.010463329344769134,-0.3238695188556151,10.448580302350898,12.499379124081106,6.346982658890482,20.642201834862377,1.5394577138813073
2026-04-30,600196,25.27,24.89,25.27,24.89,276406,690482370.0,1.5,-1.54,-0.39,1.3,25.244,25.503,26.081,,-0.20496450114614007,-0.032622236753412706,-0.34468452878545475,6.965720201567266,10.654826149909827,-0.4124916951178541,18.072289156626482,1.5466006857715826
2026-05-06,600196,24.83,24.77,24.96,24.68,235099,582101765.0,1.12,-0.48,-0.12,1.11,25.122000000000003,25.365,25.966500000000003,,-0.25411189868964,-0.07692016914065816,-0.3543834590979637,6.833594489609316,9.381082263142991,1.7386189425419651,18.145161290322548,1.1599653834464192
2026-05-07,600196,24.79,24.73,24.97,24.66,207069,512504019.0,1.25,-0.16,-0.04,0.98,24.994,25.251,25.868000000000002,,-0.29291271558338394,-0.12011867842920332,-0.34558807430836125,6.452748629929254,8.404971052071746,2.548303785644272,14.107883817427378,0.9194509643025558
2026-05-08,600196,24.77,24.82,24.9,24.7,194754,482879013.0,0.81,0.36,0.09,0.92,24.898,25.169999999999998,25.775,,-0.3127946921743998,-0.15865388117824264,-0.30828162199231435,8.637875780386445,8.482605961509979,8.948415418139376,4.166666666666657,0.7999996713804404
2026-05-11,600196,24.96,25.39,25.42,24.83,395057,993455517.0,2.38,2.3,0.57,1.86,24.92,25.15,25.704500000000003,,-0.2793370420143759,-0.1827905133454693,-0.19309305733781323,25.541781685569283,14.168997869529747,48.28734931764836,25.095057034220545,1.6951991163923128
2026-05-12,600196,25.3,25.32,25.62,24.96,310544,783216625.0,2.6,-0.28,-0.07,1.47,25.006,25.125,25.642500000000002,,-0.25552450081191225,-0.1973373108387579,-0.11637437994630867,34.91403331883481,21.08400968596477,62.574080584574894,30.697674418604677,1.1867454915793134
2026-05-13,600196,25.18,24.97,25.26,24.93,194695,486950240.0,1.3,-1.38,-0.35,0.92,25.046,25.084,25.567,,-0.2618762192337769,-0.21024509251776172,-0.10326225343203038,31.677106223396613,24.61504186510872,45.80123493997241,29.729729729729698,0.725108620113026
2026-05-14,600196,25.02,24.5,25.18,24.5,216529,536387712.0,2.72,-1.88,-0.47,1.02,25.0,24.997,25.4745,,-0.3013611699149088,-0.22846830799719114,-0.1457857238354353,21.118070815597743,23.449384848605064,16.4554427495831,26.938775510204096,0.8314485849603608
2026-05-15,600196,24.48,24.13,24.62,24.03,189185,460003080.0,2.41,-1.51,-0.37,0.89,24.862000000000002,24.880000000000003,25.357999999999997,,-0.3583780267743144,-0.2544502517526158,-0.20785555004339717,16.17514993576533,21.024639877658487,6.476170051979011,23.741007194244602,0.7212108458583127
2026-05-18,600196,24.09,24.06,24.1,23.77,141763,339315138.0,1.37,-0.29,-0.07,0.67,24.595999999999997,24.758000000000003,25.220999999999997,,-0.404549318880413,-0.2844700651781753,-0.24015850740447542,16.008658515735426,19.352646090350802,9.320683366504674,23.321554770318002,0.5427332103123254
2026-05-19,600196,24.02,24.19,24.24,23.99,104478,252278400.0,1.04,0.54,0.13,0.49,24.37,24.688,25.095499999999998,,-0.4257427891187504,-0.31272460996629037,-0.22603635830492008,18.240006578057876,18.981766252919826,16.75648722833398,28.519855595667934,0.4962307022976757
2026-05-20,600196,24.1,24.02,24.25,23.95,109702,263956538.0,1.24,-0.7,-0.17,0.52,24.18,24.613,24.989,,-0.45105684370298604,-0.3403910567136295,-0.22133157397871306,16.66450888987642,18.209347131905357,13.574832405818547,26.962457337883976,0.6478592098269651
2026-05-21,600196,24.06,23.71,24.38,23.68,196034,471592781.0,2.91,-1.29,-0.31,0.93,24.022000000000002,24.511,24.881,,-0.490478888249573,-0.37040862302081823,-0.2401405304575095,11.62513651077674,16.01461025819582,2.8461890159385774,24.921135646687745,1.286891606064147
2026-05-22,600196,23.78,23.4,23.85,23.3,214305,504530257.0,2.32,-1.31,-0.31,1.01,23.875999999999998,24.369,24.7695,,-0.5405049472162808,-0.4044278878599108,-0.2721541187127401,9.186872616379866,13.738697710923837,0.08322242729192197,22.832369942196564,1.445736559618545
2026-05-25,600196,23.37,23.3,23.48,23.08,149513,347333653.0,1.71,-0.43,-0.1,0.71,23.723999999999997,24.160000000000004,24.654999999999998,,-0.5815167603985536,-0.4398456623676394,-0.2833421960618284,9.488496117341962,12.321963846396546,3.8215606592327944,24.921135646687745,0.9755742663927902
2026-05-26,600196,23.24,23.17,23.36,23.08,115736,268403270.0,1.2,-0.56,-0.13,0.55,23.52,23.945,24.535,,-0.6173919216051935,-0.47535491421515025,-0.28407401478008654,7.754235506799457,10.799387733197516,1.6639310540033385,24.84276729559754,0.7476176695537136
2026-05-27,600196,23.18,23.32,23.5,22.76,227542,525613200.0,3.19,0.65,0.15,1.07,23.380000000000003,23.779999999999998,24.432,,-0.6264976242986613,-0.5055834562318525,-0.24182833613361754,15.205332631773095,12.268036032722708,21.079925829873865,28.571428571428584,1.4487768849724305
2026-05-28,600196,23.21,22.75,23.35,22.64,164019,375309008.0,3.04,-2.44,-0.57,0.77,23.188,23.604999999999997,24.301,,-0.6719622332545221,-0.5388592116363865,-0.2662060432362712,12.244168114668645,12.260080060038021,12.21234422392989,22.54641909814326,0.9080586405057965
2026-05-29,600196,22.77,23.25,23.6,22.77,261665,607323399.0,3.65,2.2,0.5,1.24,23.158,23.517,24.1985,,-0.6600389242227394,-0.5630951541536571,-0.19388754013816456,19.8486024979017,14.789587539325916,29.966632415053272,21.081081081081095,1.5018969940822968
2026-06-01,600196,23.26,22.99,23.6,22.91,250491,581874987.0,2.97,-1.12,-0.26,1.18,23.096,23.41,24.084,,-0.6639162299759285,-0.5832593693181114,-0.16131372131563415,19.937382508179645,16.505519195610493,26.80110913331795,20.051413881748076,1.3636244862407796
2026-06-02,600196,22.95,22.72,23.02,22.65,187444,426840517.0,1.61,-1.17,-0.27,0.88,23.006,23.262999999999998,23.9755,,-0.6809264697543433,-0.6027927894053579,-0.15626736069797098,14.824155388594829,15.945064593271939,12.582336979240605,20.47244094488191,0.9193361538001261
2026-06-03,600196,22.64,22.18,22.77,22.12,246386,548584201.0,2.86,-2.38,-0.54,1.16,22.778,23.079,23.845999999999997,,-0.7295706579596057,-0.6281483631162075,-0.20284458968679653,11.038839623225044,14.309656269922975,4.497206329829183,20.103092783505176,1.129008459796492
2026-06-04,600196,22.2,21.82,22.28,21.68,183953,402688593.0,2.71,-1.62,-0.36,0.87,22.592,22.89,23.700499999999998,,-0.78808595461091,-0.6601358814151481,-0.2559001463915238,9.789781971038927,12.803031503628294,3.763282905860194,20.155038759689944,0.8286133846243936
2026-06-05,600196,22.09,22.02,22.28,21.99,163752,362446324.0,1.33,0.92,0.2,0.77,22.345999999999997,22.752000000000002,23.560499999999998,,-0.8089958200259098,-0.6899078691373004,-0.2381759017772187,12.42929909180372,12.678454033020104,11.930989209370953,24.5,0.7246054875528679
2026-06-08,600196,21.81,21.65,22.17,21.45,161094,350677031.0,3.27,-1.68,-0.37,0.76,22.078,22.586999999999996,23.3735,,-0.84567453714563,-0.7210612027389665,-0.2492266688133271,11.386974588334251,12.247960884791487,9.665001995419775,20.047169811320714,0.7804745229286859
2026-06-09,600196,21.66,21.83,21.86,21.38,115178,249611904.0,2.22,0.83,0.18,0.54,21.9,22.453,23.198999999999998,,-0.8504151327562859,-0.7469319887424304,-0.206966288027711,14.348073148979573,12.947998306187518,17.148222834563683,24.235294117647015,0.6109402532703747
2026-06-10,600196,21.77,22.11,22.15,21.7,153772,338322279.0,2.06,1.28,0.28,0.73,21.886,22.332,23.056,,-0.8221017517360707,-0.7619659413411585,-0.12027162078982445,20.526343060280674,15.47411322421857,30.63080273240488,31.04265402843599,0.8833785443544819
2026-06-11,600196,22.0,21.78,22.15,21.67,158037,345261226.0,2.17,-1.49,-0.33,0.75,21.878,22.235,22.92,,-0.8168750087517331,-0.7729477548232735,-0.08785450785691928,19.690234712859812,16.87948705376565,25.311730031048135,30.896226415094347,1.0159897344773186
2026-06-12,600196,21.85,22.36,22.43,21.69,193665,429776314.0,3.4,2.66,0.58,0.91,21.946,22.146,22.8315,,-0.7572030590203944,-0.7697988156626977,0.02519151328460656,33.045522328898414,22.268165478809905,54.60023602907543,40.04237288135591,1.2879522447139191
2026-06-15,600196,22.35,22.31,22.56,22.17,167995,374577601.0,1.74,-0.22,-0.05,0.79,22.077999999999996,22.078,22.744,,-0.7058110407520211,-0.7570012606805625,0.1023804398570829,44.33250649264689,29.622945816755568,73.75162784442954,40.732758620689616,1.0744858304359728
2026-06-16,600196,22.31,21.85,22.31,21.85,167196,368133026.0,2.06,-2.06,-0.46,0.79,22.082,21.991,22.627000000000002,,-0.6941983650061196,-0.744440681545674,0.10048463307910871,42.83184048662343,34.02591070671153,60.44370004644722,35.15151515151514,1.0600179801609593
2026-06-17,600196,21.8,21.58,21.95,21.48,183188,396373635.0,2.15,-1.24,-0.27,0.86,21.976,21.931,22.505,,-0.6987274838376081,-0.7352980420040609,0.07314111633290565,34.204277838539895,34.085366417320984,34.44210068097772,37.41935483870966,1.0895422076570334
2026-06-18,600196,21.53,21.79,22.08,21.25,202986,441771815.0,3.85,0.97,0.21,0.96,21.977999999999998,21.928,22.409,,-0.6775610956419058,-0.72375065273163,0.09237911417944833,36.5433099076271,34.90468091408969,39.82056789470191,33.25688073394494,1.1664776038093005
2026-06-22,600196,21.7,22.06,22.08,21.05,238774,513386303.0,4.73,1.24,0.27,1.13,21.918,21.932,22.342,,-0.6317177875610369,-0.7053440796975113,0.14725258427294885,46.65801234459906,38.82245805759281,62.32912091861155,39.35926773455377,1.3047331781471645
2026-06-23,600196,22.04,22.26,22.78,21.95,318056,713713074.0,3.76,0.91,0.2,1.5,21.908,21.993000000000002,22.29,,-0.572647186784728,-0.6788047011149547,0.21231502866045338,54.41940707366336,44.02144106294966,75.21533909509074,44.65116279069771,1.6563018479615974
2026-06-24,600196,22.35,22.5,22.87,22.21,334057,754563795.0,2.96,1.08,0.24,1.58,22.038,22.06,22.2565,24.3835,-0.5006956085493321,-0.6431828826018302,0.2849745481049961,62.83638127255212,50.293087799483814,87.92296821868874,54.0,1.5044901819491983
2026-06-25,600196,22.18,22.18,22.48,21.62,288670,634971689.0,3.82,-1.42,-0.32,1.36,22.157999999999998,22.067,22.1995,24.331666666666667,-0.4641444220851412,-0.6073751904984925,0.2864615368267027,62.586891544338755,54.39102238110213,78.978629870812,54.54545454545454,1.130212260808215
2026-06-26,600196,22.03,21.21,22.41,21.2,262912,570184987.0,5.46,-4.37,-0.97,1.24,22.042,22.01,22.1225,24.249666666666666,-0.5075969748885854,-0.5874195473765111,0.15964514497585158,44.654997293295445,51.145680685166575,31.673630509553178,41.43763213530657,0.9508275691967628
2026-06-29,600196,21.12,22.73,22.75,20.85,513531,1140390847.0,8.96,7.17,1.52,2.42,22.176000000000002,22.047,22.0965,24.184166666666666,-0.4146028555763088,-0.5528562090164707,0.27650670688032375,60.793100505761316,54.3614872920315,73.65632693322095,59.18367346938777,1.7800417201340202
2026-06-30,600196,22.73,22.47,22.73,22.07,346056,773149332.0,2.9,-1.14,-0.26,1.63,22.218,22.063,22.0705,24.11483333333333,-0.35776013696326103,-0.5138369946058288,0.31215371528513547,67.26140693783424,58.66146050729908,84.46129979890455,55.369127516778526,1.0076017949879632
2026-07-01,600196,22.21,23.12,23.19,21.9,451176,1023877075.0,5.74,2.89,0.65,2.13,22.342000000000002,22.19,22.0905,24.049,-0.2572963530132846,-0.46252886628732,0.4104650265480708,77.1771202947385,64.83334710311223,101.86466667799104,57.977883096366526,1.2926004998779528
2026-07-02,600196,23.16,23.03,23.63,22.96,381803,886716137.0,2.9,-0.39,-0.09,1.8,22.512,22.335,22.133000000000003,23.981833333333334,-0.18283274618052658,-0.40658964226596134,0.4475137921708695,77.59050225884248,69.08573215502231,94.60004246648279,60.26272577996715,1.025059803634665
2026-07-03,600196,23.2,23.29,23.53,22.92,297851,690907418.0,2.65,1.13,0.26,1.41,22.928,22.485,22.2065,23.925,-0.10166800867702364,-0.3456053155481738,0.48787461374230034,80.98359623011561,73.05168684672009,96.84741499690665,58.05892547660311,0.7615810558850573
2026-07-06,600196,23.28,24.08,24.24,23.01,532407,1271215481.0,5.28,3.39,0.79,2.51,23.198,22.687,22.3095,23.881666666666664,0.02610115043457384,-0.27126402235162433,0.5947303455723963,85.74914281614393,77.28417216986136,102.67908410870905,63.59447004608295,1.3374257756038055
2026-07-07,600196,23.82,23.19,23.9,23.19,344080,809834444.0,2.95,-3.7,-0.89,1.62,23.342,22.78,22.3865,23.8215,0.05491059246862662,-0.20602909938757416,0.5218793837124016,80.17494476828477,78.24776303600251,84.0293082328493,59.654178674351584,0.8562215664912982
2026-07-08,600196,23.2,22.95,23.65,22.88,238662,554527898.0,3.32,-1.03,-0.24,1.13,23.308,22.825,22.442500000000003,23.761333333333333,0.05771103175491987,-0.15328107315907538,0.4219842098279905,74.09893073047894,76.86481893416132,68.56715432311418,59.91316931982635,0.594480094574001
2026-07-09,600196,22.74,22.95,23.38,22.5,266629,609150725.0,3.83,0.0,0.0,1.26,23.291999999999998,22.901999999999997,22.4845,23.7025,0.059247432543269696,-0.11077537201860636,0.34004560912375215,70.04825470527504,74.5926308578659,60.95950240009333,58.65671641791045,0.7427806840082171
2026-07-10,600196,22.88,23.45,23.74,22.47,377606,878157121.0,5.53,2.18,0.5,1.78,23.324,23.126,22.567999999999998,23.654166666666665,0.09966202082424758,-0.06868789345003559,0.33669982854856634,68.77860854995545,72.65462342189575,61.026578806074866,60.02886002886004,1.1240756143172095
2026-07-13,600196,23.3,23.79,23.88,23.25,375176,884805717.0,2.69,1.45,0.34,1.77,23.266,23.232,22.6395,23.60966666666667,0.1573126296389873,-0.023487788832231016,0.3616008369424366,72.77548262304722,72.69490982227958,72.9366282245825,60.820367751060814,1.0662140840203163
2026-07-14,600196,23.55,24.05,24.24,23.37,395775,946950270.0,3.66,1.09,0.26,1.87,23.438,23.39,22.7265,23.56383333333333,0.22142848976860563,0.025495466887936316,0.39186604576133865,78.27216732308614,74.55399565588178,85.70851065749486,60.930888575458404,1.2351348466719472
2026-07-15,600196,23.87,24.84,24.96,23.75,596389,1471871947.0,5.03,3.28,0.79,2.82,23.816,23.562,22.875999999999998,23.532833333333333,0.3321582549440194,0.08682802449915293,0.4906604608897329,83.90835251257951,77.67211460811436,96.38082832150982,67.5925925925926,1.8030344989382339
2026-07-16,600196,24.6,24.71,25.18,24.24,496056,1223366577.0,3.78,-0.52,-0.13,2.34,24.168,23.729999999999997,23.032500000000002,23.50883333333333,0.40475669483992505,0.15041375856730738,0.5086858725452353,83.49117719780826,79.61180213801232,91.24992731740011,76.04166666666667,1.2330039894112823
2026-07-17,600196,24.47,23.4,24.7,23.35,480129,1142901187.0,5.46,-5.3,-1.31,2.27,24.158,23.741,23.113,23.467666666666666,0.3525217780080574,0.1908353624554574,0.3233728311052,67.09989918968274,75.44116782190247,50.41736192524331,55.14592933947771,1.0712373304441494
2026-07-20,600196,23.35,24.0,24.01,23.24,359222,851566485.0,3.29,2.56,0.6,1.7,24.2,23.732999999999997,23.21,23.4405,0.35544289128214146,0.22375686822079421,0.2633720461226945,63.5524543183371,71.478263320714,47.700836313583295,61.16788321167884,0.7664138423955367
2026-07-21,600196,23.79,23.69,24.02,23.33,321911,761378120.0,2.88,-1.29,-0.31,1.52,24.128,23.782999999999998,23.2815,23.408833333333337,0.3289515368241531,0.24479580194146602,0.1683114697653742,57.37445294039205,66.77699319394003,38.56937243329608,54.3778801843318,0.6915170364298232
2026-07-22,600196,23.5,23.97,24.23,23.43,295434,705400120.0,3.38,1.18,0.28,1.39,23.954,23.884999999999998,23.355,23.382166666666663,0.3267836490086431,0.26119337135490145,0.1311805553074833,56.69981979543971,63.41793539443993,43.263588597439266,57.01492537313432,0.6554401259791091
2026-07-23,600196,23.64,23.71,23.84,23.47,207186,489628169.0,1.54,-1.08,-0.26,0.98,23.754,23.961000000000002,23.4315,23.354333333333333,0.30062039047502864,0.2690787751789269,0.06308323059220344,45.87548123819696,57.57045067569228,22.485542363206335,53.13432835820897,0.5304974722852671
2026-07-24,600196,23.51,23.16,23.65,23.08,135588,316216211.0,2.4,-2.32,-0.55,0.64,23.706,23.932,23.529000000000003,23.3175,0.23282159372675437,0.2618273388884924,-0.05801149032347608,31.853495428639274,48.99813226000795,-2.4357782340980805,42.879256965944286,0.4074447587028407
