序号,代码,名称,收盘价,涨跌幅,买方机构数,卖方机构数,机构买入总额,机构卖出总额,机构买入净额,市场总成交额,机构净买额占总成交额比,换手率,流通市值,上榜原因,上榜日期
1,600664,哈药股份,6.0,0.3344,2,2,7044906700.0,5834009100.0,1210897600.0,24066750100,5.031413028218,21.4412,151.11,有价格涨跌幅限制的连续10个交易日内收盘价格涨幅偏离值累计达到100%的证券,2026-07-23
2,002281,光迅科技,187.0,9.671,4,3,1573348397.72,895938388.58,677410009.14,13424196498,5.046186632034,10.2073,1458.53,日振幅值达到15%的前5只证券,2026-07-21
3,002396,星网锐捷,34.59,9.4274,4,3,917135558.85,317448608.04,599686950.81,7349901454,8.159115527782,28.9041,261.99,日振幅值达到15%的前5只证券,2026-07-22
4,002396,星网锐捷,34.59,9.4274,4,3,917135558.85,317448608.04,599686950.81,7349901454,8.159115527782,28.9041,261.99,日换手率达到20%的前5只证券,2026-07-22
5,000938,紫光股份,44.9,8.2972,3,2,3510336226.43,2929494040.42,580842186.01,62646560401,0.927173307348,18.8045,1284.17,连续三个交易日内，涨幅偏离值累计达到20%的证券,2026-07-22
6,002281,光迅科技,170.51,-9.9974,3,3,825056950.74,466813278.34,358243672.4,8072249077,4.437966036265,5.8744,1329.91,日跌幅偏离值达到7%的前5只证券,2026-07-20
7,688728,格科微,16.9,20.0284,2,0,310595709.8,0.0,310595709.8,1164043100,26.682492237616,3.0533,422.31,有价格涨跌幅限制的日收盘价格涨幅达到15%的前五只证券,2026-07-21
8,688048,长光华芯,341.21,-19.9995,2,0,301070278.31,0.0,301070278.31,6163329700,4.884864074528,9.7126,601.48,有价格涨跌幅限制的日收盘价格跌幅达到15%的前五只证券,2026-07-17
9,001309,德明利,482.89,-9.9993,2,0,319503198.6,50583913.18,268919285.42,8596923130,3.128087588472,10.7594,797.1,日跌幅偏离值达到7%的前5只证券,2026-07-20
10,603459,红板科技,83.82,8.8571,2,1,289640896.94,20836200.0,268804696.94,2296098604,11.707018874177,34.8782,66.26,有价格涨跌幅限制的日换手率达到20%的前五只证券,2026-07-22
11,605196,华通线缆,29.63,9.9852,1,0,265396596.36,0.0,265396596.36,2667732373,9.948396587531,5.1914,149.62,非S证券连续三个交易日内收盘价格涨幅偏离值累计达到20%的证券,2026-07-22
12,600330,天通股份,17.39,-9.5213,1,0,258942329.65,0.0,258942329.65,6155878409,4.206423721291,8.9985,214.49,非S证券连续三个交易日内收盘价格跌幅偏离值累计达到20%的证券,2026-07-20
13,300604,长川科技,318.0,20.0,3,1,743919485.99,489663714.94,254255771.05,12047998281,2.110356966526,8.4748,1556.52,日涨幅达到15%的前5只证券,2026-07-21
14,600711,盛屯矿业,11.26,6.3267,1,0,247988853.22,0.0,247988853.22,5810511262,4.267935161606,6.5017,348.0,非S证券连续三个交易日内收盘价格涨幅偏离值累计达到20%的证券,2026-07-23
15,688808,联讯仪器,1586.42,-19.999,1,0,244404759.17,0.0,244404759.17,3964514100,6.164809936481,11.6992,306.12,有价格涨跌幅限制的日收盘价格跌幅达到15%的前五只证券,2026-07-17
16,301583,托伦斯,145.0,-8.6384,5,3,495919475.53,265855008.0,230064467.53,2644986535,8.698133789554,55.718,44.71,日换手率达到30%的前5只证券,2026-07-23
17,002432,九安医疗,72.5,-8.4596,3,1,504812476.12,276250686.34,228561789.78,7518700489,3.039910821217,19.7353,337.32,日振幅值达到15%的前5只证券,2026-07-20
18,600641,先导基电,28.94,-10.0124,1,0,203640730.75,0.0,203640730.75,7447688138,2.73428112156,6.686,269.32,非S证券连续三个交易日内收盘价格跌幅偏离值累计达到20%的证券,2026-07-20
19,002167,东方锆业,17.1,1.4837,3,0,234775897.22,67956091.3,166819805.92,3229911011,5.164842169084,24.3402,129.74,日换手率达到20%的前5只证券,2026-07-22
20,301583,托伦斯,158.71,19.9985,2,1,246754208.6,99767526.36,146986682.24,4022449156,3.654158860423,53.9963,48.93,连续三个交易日内，涨幅偏离值累计达到30%的证券,2026-07-22
21,000426,兴业银锡,33.59,5.862,4,4,987100429.39,850263532.48,136836896.91,9514752466,1.438155090203,6.5654,596.29,连续三个交易日内，涨幅偏离值累计达到20%的证券,2026-07-23
22,603936,博敏电子,14.04,10.0313,1,0,126927836.61,0.0,126927836.61,936911576,13.547472340122,11.7598,88.51,有价格涨跌幅限制的日收盘价格涨幅偏离值达到7%的前五只证券,2026-07-21
23,603936,博敏电子,14.04,10.0313,1,0,126927836.61,0.0,126927836.61,936911576,13.547472340122,11.7598,88.51,有价格涨跌幅限制的日价格振幅达到15%的前五只证券,2026-07-21
24,300779,惠城环保,69.12,20.0,3,2,318487793.63,194791767.76,123696025.87,3483074689,3.551345776783,11.5082,157.02,连续三个交易日内，涨幅偏离值累计达到30%的证券,2026-07-22
25,300806,斯迪克,53.69,-15.9912,4,2,382655893.06,260406182.91,122249710.15,2509484966,4.87150597857,13.2356,175.47,日振幅值达到30%的前5只证券,2026-07-20
26,002141,贤丰控股,6.04,2.1997,4,4,350187710.5,231001542.4,119186168.1,2372327772,5.024017739316,36.7889,62.39,日换手率达到20%的前5只证券,2026-07-17
27,002141,贤丰控股,5.21,-5.9567,5,3,239604031.0,122929283.0,116674748.0,1416649046,8.235967004632,25.5045,53.82,日换手率达到20%的前5只证券,2026-07-24
28,300534,陇神戎发,12.04,20.0399,4,3,193097026.89,78712464.48,114384562.41,1246240698,9.178368399746,37.3957,36.37,日涨幅达到15%的前5只证券,2026-07-20
29,300534,陇神戎发,12.04,20.0399,4,3,193097026.89,78712464.48,114384562.41,1246240698,9.178368399746,37.3957,36.37,日换手率达到30%的前5只证券,2026-07-20
30,688072,拓荆科技,764.46,20.0,2,1,399025300.7,293485577.73,105539722.97,8077980600,1.30651122101,4.1472,2161.07,有价格涨跌幅限制的日收盘价格涨幅达到15%的前五只证券,2026-07-21
31,603459,红板科技,84.09,-5.5593,2,1,153511654.76,48144674.0,105366980.76,1649938197,6.386116822532,24.0535,66.47,有价格涨跌幅限制的日换手率达到20%的前五只证券,2026-07-24
32,002396,星网锐捷,28.74,-4.0401,4,3,603468988.21,509583299.21,93885689.0,6124316746,1.532998584068,26.9087,217.68,日换手率达到20%的前5只证券,2026-07-20
33,300779,惠城环保,69.12,20.0,3,1,153052112.26,65649666.3,87402445.96,1727202706,5.060346747743,11.5082,157.02,日涨幅达到15%的前5只证券,2026-07-22
34,001258,立新能源,13.03,7.597,1,0,103597165.54,16642858.0,86954307.54,3983675959,2.182765577194,22.0823,121.61,连续三个交易日内，涨幅偏离值累计达到20%的证券,2026-07-24
35,603683,晶华新材,16.77,-9.9839,2,1,121091780.0,39835147.0,81256633.0,819916574,9.910353757528,16.5495,48.34,非S证券连续三个交易日内收盘价格跌幅偏离值累计达到20%的证券,2026-07-22
36,603683,晶华新材,16.77,-9.9839,2,1,121089917.0,39835147.0,81254770.0,800122199,10.155295041377,16.5495,48.34,有价格涨跌幅限制的日收盘价格跌幅偏离值达到7%的前五只证券,2026-07-22
37,002185,华天科技,16.85,-9.9893,3,3,536550211.05,456292821.48,80257389.57,7663692171,1.0472418226,13.1258,559.87,日跌幅偏离值达到7%的前5只证券,2026-07-20
38,000815,美利云,16.19,-8.7373,3,1,160422400.15,84749160.35,75673239.8,2718983811,2.783144184009,23.6008,112.56,日换手率达到20%的前5只证券,2026-07-24
39,301583,托伦斯,132.26,19.9964,4,3,162708013.46,87879655.76,74828357.7,1415628829,5.285874105351,39.642,40.78,日涨幅达到15%的前5只证券,2026-07-21
40,301583,托伦斯,132.26,19.9964,4,3,162708013.46,87879655.76,74828357.7,1415628829,5.285874105351,39.642,40.78,日换手率达到30%的前5只证券,2026-07-21
41,600219,南山铝业,4.79,10.1149,1,0,73509777.0,0.0,73509777.0,1874502255,3.921562473661,3.5187,550.07,有价格涨跌幅限制的日收盘价格涨幅偏离值达到7%的前五只证券,2026-07-23
42,002141,贤丰控股,5.17,5.5102,4,4,281774375.67,208974539.4,72799836.27,1723458080,4.22405610643,33.3826,53.4,日换手率达到20%的前5只证券,2026-07-22
43,002141,贤丰控股,5.17,5.5102,4,4,281774375.67,208974539.4,72799836.27,1723458080,4.22405610643,33.3826,53.4,日振幅值达到15%的前5只证券,2026-07-22
44,000526,学大教育,33.0,6.5203,4,4,166505786.46,94765494.12,71740292.34,817147038,8.779361486225,9.4443,39.58,连续三个交易日内，涨幅偏离值累计达到20%的证券,2026-07-22
45,300868,杰美特,82.86,13.3051,4,1,157381886.0,88913319.0,68468567.0,819919171,8.350648383608,13.9426,66.92,日振幅值达到30%的前5只证券,2026-07-21
46,300688,创业黑马,25.01,20.0096,3,1,85830931.0,17883996.0,67946935.0,553300258,12.280300617536,15.4417,37.11,日涨幅达到15%的前5只证券,2026-07-22
47,000815,美利云,17.74,9.9814,2,0,73089901.83,7707118.0,65382783.83,2101806934,3.110789234365,17.6215,123.34,日涨幅偏离值达到7%的前5只证券,2026-07-23
48,301310,鑫宏业,50.61,-16.609,3,1,120609014.68,56049837.8,64559176.88,750275621,8.604728058997,22.5719,30.86,日跌幅达到15%的前5只证券,2026-07-24
49,603757,大元泵业,62.82,-3.5764,1,0,60830083.0,0.0,60830083.0,4091632577,1.486694659289,9.4854,117.19,非S证券连续三个交易日内收盘价格跌幅偏离值累计达到20%的证券,2026-07-22
50,001258,立新能源,11.01,9.99,1,0,73624200.4,17653329.0,55970871.4,2976489647,1.880432255372,6.5605,102.76,连续三个交易日内，涨幅偏离值累计达到20%的证券,2026-07-22
51,605288,凯迪股份,67.52,10.0033,2,0,54090740.7,0.0,54090740.7,311613465,17.358280939497,1.8617,66.36,非S证券连续三个交易日内收盘价格涨幅偏离值累计达到20%的证券,2026-07-23
52,001258,立新能源,12.11,9.9909,2,0,54750383.5,1549474.0,53200909.5,1270567170,4.187178037978,11.3037,113.03,日涨幅偏离值达到7%的前5只证券,2026-07-23
53,000815,美利云,16.13,10.0273,2,0,53372245.68,5006768.0,48365477.68,1447901074,3.340385510343,12.9725,112.15,日涨幅偏离值达到7%的前5只证券,2026-07-22
54,300164,通源石油,12.2,16.4122,2,0,61109179.72,16309776.0,44799403.72,2705988226,1.655565360172,39.3974,71.15,日换手率达到30%的前5只证券,2026-07-20
55,003001,中岩大地,20.39,9.9784,4,4,157366652.0,112644440.12,44722211.88,1211441845,3.691651569127,31.197,23.32,连续三个交易日内，涨幅偏离值累计达到20%的证券,2026-07-24
56,002412,汉森制药,7.38,9.9851,5,4,94400223.6,50144243.83,44255979.77,484265253,9.13878902024,6.6939,36.74,连续三个交易日内，涨幅偏离值累计达到20%的证券,2026-07-23
57,000676,智度股份,6.92,0.0,3,1,114970390.49,70731975.32,44238415.17,1794707359,2.464937525784,21.2408,87.12,日振幅值达到15%的前5只证券,2026-07-22
58,000779,甘咨询,12.23,9.982,2,1,160223277.05,116036801.46,44186475.59,2766351141,1.597283690241,21.5089,56.84,连续三个交易日内，涨幅偏离值累计达到20%的证券,2026-07-17
59,688382,益方生物,26.04,15.4767,2,2,122290985.23,79279872.58,43011112.65,819106300,5.2509805687,5.6663,150.93,有价格涨跌幅限制的日收盘价格涨幅达到15%的前五只证券,2026-07-20
60,002083,孚日股份,11.52,10.0287,2,0,58176979.0,17560305.0,40616674.0,1680232098,2.417325204556,10.4484,109.05,连续三个交易日内，涨幅偏离值累计达到20%的证券,2026-07-24
61,300534,陇神戎发,13.8,14.6179,5,4,340767147.09,300267834.5,40499312.59,2750672704,1.472342112208,39.5352,41.68,连续三个交易日内，涨幅偏离值累计达到30%的证券,2026-07-21
62,603211,晋拓股份,26.89,-7.7846,1,0,37911079.0,0.0,37911079.0,1215317828,3.11943741189,6.4883,73.09,非S证券连续三个交易日内收盘价格跌幅偏离值累计达到20%的证券,2026-07-21
63,300688,创业黑马,26.08,4.2783,3,3,150245687.43,115149131.6,35096555.83,1390790691,2.523496602121,15.1069,38.7,连续三个交易日内，涨幅偏离值累计达到30%的证券,2026-07-23
64,000596,古井贡酒,93.83,10.0,2,4,165772250.15,132248157.51,33524092.64,1044650864,3.209119313953,2.7871,383.39,日涨幅偏离值达到7%的前5只证券,2026-07-20
65,605288,凯迪股份,67.52,10.0033,2,0,31940873.8,0.0,31940873.8,115109049,27.748360426468,1.8617,66.36,有价格涨跌幅限制的日价格振幅达到15%的前五只证券,2026-07-23
66,300164,通源石油,11.13,-8.7705,2,2,112441790.0,80720700.0,31721090.0,2298408553,1.380132786166,36.0942,64.91,日换手率达到30%的前5只证券,2026-07-21
67,000506,招金黄金,13.02,9.9662,3,3,98315703.28,66881880.6,31433822.68,1089691284,2.884653951219,9.2881,120.92,日涨幅偏离值达到7%的前5只证券,2026-07-22
68,603619,中曼石油,23.47,9.9813,1,1,54419495.46,24174100.0,30245395.46,1375636850,2.198646791121,3.4961,108.51,非S证券连续三个交易日内收盘价格涨幅偏离值累计达到20%的证券,2026-07-23
69,301583,托伦斯,158.71,19.9985,1,1,62245345.87,32986668.0,29258677.87,2606820327,1.122389509049,53.9963,48.93,日涨幅达到15%的前5只证券,2026-07-22
70,301583,托伦斯,158.71,19.9985,1,1,62245345.87,32986668.0,29258677.87,2606820327,1.122389509049,53.9963,48.93,日换手率达到30%的前5只证券,2026-07-22
71,300843,胜蓝股份,111.98,14.4405,4,4,191702462.0,163290119.18,28412342.82,1327028824,2.141049410996,8.3954,179.73,日振幅值达到30%的前5只证券,2026-07-21
72,300040,九洲集团,6.83,18.1661,2,2,58294233.22,30713363.47,27580869.75,1373498100,2.008074838254,26.0613,35.34,连续三个交易日内，涨幅偏离值累计达到30%的证券,2026-07-20
73,000779,甘咨询,12.23,9.982,2,1,76486171.9,49344059.02,27142112.88,1187310257,2.286016878906,21.5089,56.84,日涨幅偏离值达到7%的前5只证券,2026-07-17
74,000767,晋控电力,3.76,9.9415,2,4,77698959.3,50752612.64,26946346.66,1210434173,2.226172001838,11.3633,109.5,日涨幅偏离值达到7%的前5只证券,2026-07-20
75,000539,粤电力A,5.84,9.9812,2,2,64315863.8,37738180.0,26577683.8,954978207,2.783067048566,6.5979,149.23,日涨幅偏离值达到7%的前5只证券,2026-07-20
76,300643,万通智控,20.79,4.3151,2,1,86809321.95,60346772.9,26462549.05,1204255497,2.197419826268,7.9545,48.04,连续三个交易日内，涨幅偏离值累计达到30%的证券,2026-07-23
77,002197,证通电子,6.97,9.9369,2,2,57443042.4,31087499.0,26355543.4,837505432,3.146910144459,3.6561,37.22,连续三个交易日内，涨幅偏离值累计达到20%的证券,2026-07-22
78,300255,常山药业,31.76,0.1893,3,4,406962085.59,380776501.61,26185583.98,9376040294,0.279281905356,11.3102,291.44,连续三个交易日内，涨幅偏离值累计达到30%的证券,2026-07-17
79,002173,创新医疗,18.71,5.0533,2,1,80402128.52,54917278.46,25484850.06,3625533533,0.702926888637,17.4421,78.74,连续三个交易日内，涨幅偏离值累计达到20%的证券,2026-07-20
80,301273,瑞晨环保,38.87,9.4313,5,4,118657199.67,93483573.32,25173626.35,583340842,4.315423254729,9.5336,29.92,连续三个交易日内，涨幅偏离值累计达到30%的证券,2026-07-22
81,001206,依依股份,19.33,-0.3608,3,2,38186665.0,13454220.0,24732445.0,368474722,6.712114433728,18.8932,20.66,日振幅值达到15%的前5只证券,2026-07-23
82,002515,金字火腿,8.18,9.9462,2,2,90889940.75,66538334.0,24351606.75,932897607,2.610319349871,10.6552,90.13,日涨幅偏离值达到7%的前5只证券,2026-07-22
83,300040,九洲集团,6.83,18.1661,2,2,41556659.0,17748131.87,23808527.13,850241679,2.800207013846,26.0613,35.34,日涨幅达到15%的前5只证券,2026-07-20
84,000566,海南海药,5.1,-10.0529,3,1,62574391.0,40889671.16,21684719.84,1703510157,1.272943384041,23.89,66.13,日振幅值达到15%的前5只证券,2026-07-17
85,001314,亿道信息,49.74,-10.0054,3,2,32572856.5,11137762.0,21435094.5,333779480,6.421932978025,1.9401,61.73,连续三个交易日内，跌幅偏离值累计达到20%的证券,2026-07-21
86,301205,联特科技,213.6,20.0,2,3,194314314.35,173761902.87,20552411.48,2179277879,0.943083563507,14.2397,178.88,日振幅值达到30%的前5只证券,2026-07-21
87,301205,联特科技,213.6,20.0,2,3,194314314.35,173761902.87,20552411.48,2179277879,0.943083563507,14.2397,178.88,日涨幅达到15%的前5只证券,2026-07-21
88,003001,中岩大地,20.39,9.9784,3,1,74639875.11,54121804.0,20518071.11,709006333,2.893919300154,31.197,23.32,日换手率达到20%的前5只证券,2026-07-24
89,003001,中岩大地,20.39,9.9784,3,1,74639875.11,54121804.0,20518071.11,709006333,2.893919300154,31.197,23.32,日涨幅偏离值达到7%的前5只证券,2026-07-24
90,003001,中岩大地,18.54,10.0297,1,3,57639515.85,37497747.12,20141768.73,502435512,4.008826655151,24.4335,21.2,日换手率达到20%的前5只证券,2026-07-23
91,000603,盛达资源,22.57,9.9903,2,3,92520104.65,72444793.0,20075311.65,920227108,2.18156055994,6.2746,150.48,日涨幅偏离值达到7%的前5只证券,2026-07-22
92,920438,戈碧迦,126.61,25.3564,2,1,50986093.42,32948989.04,18037104.38,951046700,1.896552964224,6.1156,176.49,当日收盘价涨幅达到20%的前5只股票,2026-07-21
93,688328,深科达,78.94,20.0061,1,0,17915846.64,0.0,17915846.64,843611900,2.123707197587,12.9913,74.56,有价格涨跌幅限制的日收盘价格涨幅达到15%的前五只证券,2026-07-21
94,002440,闰土股份,11.85,-10.0228,2,0,22638065.59,4740972.0,17897093.59,804546987,2.224493271267,6.8693,112.14,日跌幅偏离值达到7%的前5只证券,2026-07-24
95,001257,盛龙股份,25.56,3.818,2,1,41841872.04,24549513.66,17292358.38,821007099,2.106237376152,23.3551,35.0,日换手率达到20%的前5只证券,2026-07-22
96,002197,证通电子,6.9,-10.0391,4,3,52862904.89,36404918.0,16457986.89,733191197,2.244706013567,19.4405,36.85,日跌幅偏离值达到7%的前5只证券,2026-07-24
97,001337,四川黄金,40.26,10.0,3,4,230696293.43,214242608.18,16453685.25,2159842731,0.761800153958,4.7589,169.09,连续三个交易日内，涨幅偏离值累计达到20%的证券,2026-07-23
98,600236,桂冠电力,11.68,9.9812,1,0,15830181.14,0.0,15830181.14,1236664561,1.280070735366,0.9425,920.66,非S证券连续三个交易日内收盘价格涨幅偏离值累计达到20%的证券,2026-07-20
99,000533,顺钠股份,9.55,10.023,1,3,35627365.52,19798063.0,15829302.52,322942289,4.901588630283,1.2093,65.41,连续三个交易日内，涨幅偏离值累计达到20%的证券,2026-07-24
100,000539,粤电力A,6.46,6.7769,4,4,232765166.24,217596093.4,15169072.84,3815132081,0.397602822601,9.2757,165.08,连续三个交易日内，涨幅偏离值累计达到20%的证券,2026-07-22
101,000779,甘咨询,9.99,6.2766,3,1,103781040.2,88797708.0,14983332.2,1121071774,1.336518548365,24.0815,46.43,日换手率达到20%的前5只证券,2026-07-24
102,001288,运机集团,25.6,2.9353,2,2,52407541.26,37474727.44,14932813.82,636953013,2.344413718944,5.6874,38.88,连续三个交易日内，涨幅偏离值累计达到20%的证券,2026-07-22
103,605288,凯迪股份,69.24,2.5474,2,0,14752202.4,0.0,14752202.4,125432352,11.761082499673,1.8983,68.05,有价格涨跌幅限制的日价格振幅达到15%的前五只证券,2026-07-24
104,000722,湖南发展,15.21,9.9783,1,0,15565807.0,1198055.05,14367751.95,1100838182,1.305164753997,16.2349,70.6,日涨幅偏离值达到7%的前5只证券,2026-07-20
105,002760,凤形股份,16.95,-5.6761,4,2,47602410.0,33286067.88,14316342.12,375856484,3.808991657571,19.8831,18.3,日振幅值达到15%的前5只证券,2026-07-17
106,002208,合肥城建,13.6,10.0324,2,1,53706008.0,40277004.0,13429004.0,907429592,1.479894872108,8.6094,109.22,日涨幅偏离值达到7%的前5只证券,2026-07-24
107,688679,通源环境,40.82,19.9882,1,1,23749289.11,10391946.45,13357342.66,268122100,4.981813382783,5.5143,53.76,有价格涨跌幅限制的日收盘价格涨幅达到15%的前五只证券,2026-07-23
108,002036,联创电子,7.23,0.2774,1,0,26158111.37,13013033.4,13145077.97,1451453859,0.905649042062,11.7112,76.31,连续三个交易日内，涨幅偏离值累计达到20%的证券,2026-07-22
109,300510,金冠股份,3.66,20.0,4,2,28810506.0,16022941.98,12787564.02,343554870,3.722131495327,11.9428,30.18,日涨幅达到15%的前5只证券,2026-07-23
110,300795,米奥会展,14.34,7.7385,4,3,60065403.04,47334558.1,12730844.94,728796054,1.746832309276,30.4536,24.95,日换手率达到30%的前5只证券,2026-07-22
111,300795,米奥会展,14.34,7.7385,4,4,112316333.66,100103021.38,12213312.28,1829618058,0.667533435549,30.4536,24.95,连续三个交易日内，涨幅偏离值累计达到30%的证券,2026-07-22
112,300164,通源石油,11.94,-4.4035,1,0,28082560.0,15904839.0,12177721.0,2622237828,0.464401850586,35.9541,69.64,日换手率达到30%的前5只证券,2026-07-24
113,688371,菲沃泰,22.86,-16.3862,1,0,11283590.1,0.0,11283590.1,412491000,2.735475464919,4.8407,76.69,有价格涨跌幅限制的日价格振幅达到30%的前五只证券,2026-07-20
114,300480,光力科技,31.66,20.0152,2,3,72761453.75,61817751.0,10943702.75,1024086298,1.068630912392,12.7993,85.53,日涨幅达到15%的前5只证券,2026-07-24
115,003001,中岩大地,18.72,6.3636,4,3,47581673.46,36708278.46,10873395.0,467709982,2.324815680329,24.1746,21.41,日换手率达到20%的前5只证券,2026-07-21
116,002881,美格智能,40.68,4.1741,2,2,54366543.61,43741399.48,10625144.13,1575611322,0.674350582637,14.9465,74.03,连续三个交易日内，涨幅偏离值累计达到20%的证券,2026-07-17
117,688260,昀冢科技,75.81,16.3801,1,0,10613702.19,0.0,10613702.19,581514400,1.8251830376,7.5984,90.97,有价格涨跌幅限制的日价格振幅达到30%的前五只证券,2026-07-21
118,001229,魅视科技,39.18,9.9944,4,4,56539278.57,46337543.8,10201734.77,314287587,3.24598717607,11.4186,28.9,日振幅值达到15%的前5只证券,2026-07-24
119,300045,华力创通,11.46,-20.0279,3,2,31940875.69,21909858.91,10031016.78,576230586,1.740799086982,9.5402,59.17,日跌幅达到15%的前5只证券,2026-07-24
120,920088,科力股份,49.62,-9.7818,1,1,27068054.02,17336164.2,9731889.82,462857100,2.102568982954,28.8258,16.16,当日换手率达到20%的前5只股票,2026-07-21
121,920088,科力股份,55.0,23.5677,1,1,18035799.0,9144572.63,8891226.37,548067000,1.622288218411,32.4794,17.91,当日收盘价涨幅达到20%的前5只股票,2026-07-20
122,920088,科力股份,55.0,23.5677,1,1,18035799.0,9144572.63,8891226.37,548067000,1.622288218411,32.4794,17.91,当日换手率达到20%的前5只股票,2026-07-20
123,688146,中船特气,200.8,-20.0,1,1,52596475.47,43862394.75,8734080.72,3999548200,0.218376683646,12.4279,291.1,有价格涨跌幅限制的日收盘价格跌幅达到15%的前五只证券,2026-07-20
124,001365,天海电子,40.0,-7.5145,5,4,102398532.36,94774579.95,7623952.41,598311481,1.274244712346,25.2365,23.0,日换手率达到20%的前5只证券,2026-07-17
125,002082,ST万邦,8.94,-6.3874,3,1,55564461.25,48215177.88,7349283.37,564249877,1.302487367667,4.2279,50.77,连续三个交易日内，跌幅偏离值累计达到20%的证券,2026-07-23
126,920211,新睿电子,126.0,-17.5932,1,0,9078222.84,1783072.27,7295150.57,178914400,4.07745299987,22.7488,7.26,当日换手率达到20%的前5只股票,2026-07-20
127,301583,托伦斯,110.22,-18.9559,3,3,114264770.15,107265806.86,6998963.29,1797158389,0.389446101848,46.3909,33.98,日换手率达到30%的前5只证券,2026-07-20
128,301583,托伦斯,110.22,-18.9559,3,3,114264770.15,107265806.86,6998963.29,1797158389,0.389446101848,46.3909,33.98,日振幅值达到30%的前5只证券,2026-07-20
129,002788,鹭燕医药,9.39,-5.7229,3,2,50114878.23,43594002.74,6520875.49,1147996272,0.568022357654,11.1056,35.85,连续三个交易日内，跌幅偏离值累计达到20%的证券,2026-07-21
130,000779,甘咨询,9.4,5.3812,2,3,92726927.63,86390311.72,6336615.91,947195582,0.66898706354,22.8727,43.69,日换手率达到20%的前5只证券,2026-07-23
131,000779,甘咨询,9.4,5.3812,2,3,92726927.63,86390311.72,6336615.91,947195582,0.66898706354,22.8727,43.69,日振幅值达到15%的前5只证券,2026-07-23
132,688549,中巨芯,21.28,-17.037,1,1,55533692.23,49220588.85,6313103.38,3015542800,0.209352139854,21.7494,125.41,有价格涨跌幅限制的日价格振幅达到30%的前五只证券,2026-07-20
133,920222,益坤电气,28.6,30.0,1,0,6057480.0,0.0,6057480.0,150928400,4.013479239162,48.3115,3.31,当日换手率达到20%的前5只股票,2026-07-23
134,920222,益坤电气,28.6,30.0,1,0,6057480.0,0.0,6057480.0,150928400,4.013479239162,48.3115,3.31,当日价格振幅达到30%的前5只股票,2026-07-23
135,920222,益坤电气,28.6,30.0,1,0,6057480.0,0.0,6057480.0,150928400,4.013479239162,48.3115,3.31,当日收盘价涨幅达到20%的前5只股票,2026-07-23
136,002440,闰土股份,11.78,9.9907,2,2,42017220.0,36012490.0,6004730.0,1142729598,0.525472518653,10.6016,111.48,日涨幅偏离值达到7%的前5只证券,2026-07-20
137,002298,中电鑫龙,8.1,10.0543,1,1,15469687.0,9734926.6,5734760.4,652537820,0.878839543737,8.3121,53.52,连续三个交易日内，涨幅偏离值累计达到20%的证券,2026-07-24
138,000037,深南电A,10.12,10.0,3,3,60234575.0,55009343.11,5225231.89,1073356495,0.486812341877,22.6127,34.3,连续三个交易日内，涨幅偏离值累计达到20%的证券,2026-07-20
139,301536,星宸科技,137.0,12.1296,4,4,1014637049.02,1009526651.3,5110397.72,12159579133,0.042027751652,20.1873,256.45,连续三个交易日内，涨幅偏离值累计达到30%的证券,2026-07-22
140,920117,龙鑫智能,25.03,-8.9156,1,0,5499430.08,625072.0,4874358.08,212030900,2.298890435309,40.2642,5.06,当日换手率达到20%的前5只股票,2026-07-20
141,603398,*ST沐邦,8.24,-9.9454,1,0,4498441.0,0.0,4498441.0,159439472,2.821409870198,4.2292,35.73,有价格涨跌幅限制的日收盘价格跌幅偏离值达到7%的前五只证券,2026-07-22
142,002632,道明光学,8.58,-9.9685,1,0,4427279.0,0.0,4427279.0,219960915,2.012757130056,1.9885,49.29,连续三个交易日内，跌幅偏离值累计达到20%的证券,2026-07-21
143,000037,深南电A,10.12,10.0,2,2,40973934.0,37072089.11,3901844.89,746615016,0.522604663231,22.6127,34.3,日换手率达到20%的前5只证券,2026-07-20
144,000603,盛达资源,24.83,10.0133,3,3,116528148.72,113161688.63,3366460.09,1656097547,0.203276678726,10.3748,165.55,日涨幅偏离值达到7%的前5只证券,2026-07-23
145,301228,实朴检测,61.36,1.2374,4,4,191021715.0,188379814.14,2641900.86,1107789124,0.238484094379,3.8796,73.29,连续三个交易日内，涨幅偏离值累计达到30%的证券,2026-07-22
146,605376,博迁新材,147.93,10.0015,1,1,104458008.44,102100942.9,2357065.54,2711664334,0.086923204707,7.6481,386.98,有价格涨跌幅限制的日价格振幅达到15%的前五只证券,2026-07-21
147,002723,小崧股份,6.48,-10.0,2,2,22089354.0,19748938.0,2340416.0,195757714,1.195567700591,5.5908,20.54,连续三个交易日内，跌幅偏离值累计达到20%的证券,2026-07-21
148,920367,新赣江,25.28,-18.4516,1,1,5732739.83,3701100.46,2031639.37,249177900,0.815336901868,21.0744,10.62,当日价格振幅达到30%的前5只股票,2026-07-20
149,001369,双欣材料,13.22,2.0849,2,3,24449937.28,22613460.68,1836476.6,743997911,0.246838945762,14.6124,27.43,连续三个交易日内，涨幅偏离值累计达到20%的证券,2026-07-20
150,002816,*ST和科,21.0,-3.5813,2,2,24768858.0,23231573.44,1537284.56,257631541,0.596698895653,3.0462,21.0,连续三个交易日内，跌幅偏离值累计达到20%的证券,2026-07-22
151,688359,三孚新科,105.82,-20.003,1,1,34126794.38,32691811.16,1434983.22,1055346700,0.135972682721,8.9718,105.48,有价格涨跌幅限制的日价格振幅达到30%的前五只证券,2026-07-20
152,688636,智明达,20.38,-20.0157,1,0,1427965.46,0.0,1427965.46,42548600,3.356080952135,1.2005,35.44,有价格涨跌幅限制的日收盘价格跌幅达到15%的前五只证券,2026-07-21
153,688636,智明达,20.38,-20.0157,1,0,1427965.46,0.0,1427965.46,42548600,3.356080952135,1.2005,35.44,有价格涨跌幅限制的连续3个交易日内收盘价格跌幅偏离值累计达到30%的证券,2026-07-21
154,920046,亿能电力,23.6,16.2562,1,1,7856749.6,6498770.22,1357979.38,285145700,0.476240525458,22.8799,13.2,当日换手率达到20%的前5只股票,2026-07-20
155,920367,新赣江,28.17,11.432,1,1,6260764.82,5349368.47,911396.35,251737100,0.362042920968,23.2779,11.83,当日换手率达到20%的前5只股票,2026-07-21
156,000889,中嘉博创,3.99,5.0,2,3,61209780.28,60364003.05,845777.23,1164238121,0.072646412683,21.9882,34.71,连续三个交易日内，涨幅偏离值累计达到20%的证券,2026-07-22
157,002759,ST天际,11.65,-9.9691,1,1,2017909.0,1494570.0,523339.0,63010113,0.83056350018,0.6948,58.36,连续三个交易日内，跌幅偏离值累计达到20%的证券,2026-07-21
158,000975,山金国际,22.52,10.0147,3,4,415029235.9,414516732.19,512503.71,4671029199,0.010971965453,3.7072,568.23,连续三个交易日内，涨幅偏离值累计达到20%的证券,2026-07-22
159,001206,依依股份,19.4,-10.0186,1,0,450080.0,0.0,450080.0,28126120,1.600220720099,1.3567,20.73,日跌幅偏离值达到7%的前5只证券,2026-07-22
160,002083,孚日股份,11.52,10.0287,0,1,12506112.0,12121344.0,384768.0,1132767037,0.033967090093,10.4484,109.05,日涨幅偏离值达到7%的前5只证券,2026-07-24
161,001388,信通电子,23.82,10.0231,2,1,10649121.55,10441334.44,207787.11,408115711,0.050913773815,14.9784,29.8,日振幅值达到15%的前5只证券,2026-07-23
162,300062,中能电气,6.8,7.0866,2,2,35419983.66,35370537.34,49446.32,1124097216,0.004398758337,25.3841,31.17,连续三个交易日内，涨幅偏离值累计达到30%的证券,2026-07-24
163,002723,小崧股份,6.48,-10.0,2,2,15281190.0,15499033.0,-217843.0,115838666,-0.188057241612,5.5908,20.54,日跌幅偏离值达到7%的前5只证券,2026-07-21
164,002731,*ST萃华,2.53,10.0,0,1,4007439.0,4346970.0,-339531.0,340543919,-0.099702558483,32.5247,5.81,连续三个交易日内，涨幅偏离值累计达到20%的证券,2026-07-17
165,920072,科莱瑞迪,29.05,5.6364,1,1,2405244.43,2752839.05,-347594.62,111980700,-0.310405828862,26.6236,4.2,当日换手率达到20%的前5只股票,2026-07-22
166,920072,科莱瑞迪,27.66,4.6142,1,1,2668820.99,3033177.53,-364356.54,90166100,-0.404094820559,23.1068,4.0,当日换手率达到20%的前5只股票,2026-07-20
167,002731,*ST萃华,2.53,10.0,0,1,2086930.0,2576498.0,-489568.0,176490955,-0.277389852641,32.5247,5.81,日换手率达到20%的前5只证券,2026-07-17
168,000595,新能股份,5.52,9.9602,1,1,5523649.0,6023526.0,-499877.0,100497999,-0.497399953207,0.4336,62.85,连续三个交易日内，涨幅偏离值累计达到20%的证券,2026-07-23
169,301535,浙江华远,16.41,14.3554,3,3,45916821.83,46464303.54,-547481.71,463517853,-0.118114481774,8.4074,27.86,连续三个交易日内，涨幅偏离值累计达到30%的证券,2026-07-24
170,920222,益坤电气,31.6,10.4895,0,1,6057480.0,6616917.18,-559437.18,404520900,-0.138296236363,70.5218,3.65,北交所股票连续3个交易日内日收盘价涨跌幅偏离值累计达到+40%(-40%),2026-07-24
171,920072,科莱瑞迪,26.44,-13.5383,0,1,3130709.84,3871902.93,-741193.09,126861300,-0.584254686023,31.2943,3.82,当日换手率达到20%的前5只股票,2026-07-17
172,920211,新睿电子,120.08,-4.6984,1,1,6677869.63,7508134.22,-830264.59,174323500,-0.476278063485,26.1271,6.92,当日换手率达到20%的前5只股票,2026-07-21
173,000779,甘咨询,8.92,-9.9899,0,1,0.0,959792.0,-959792.0,21229600,-4.521008403361,0.5121,41.46,日跌幅偏离值达到7%的前5只证券,2026-07-22
174,000668,荣丰控股,17.67,10.0249,4,5,46305588.0,47266810.91,-961222.91,176442201,-0.544780616288,4.5736,25.95,连续三个交易日内，涨幅偏离值累计达到20%的证券,2026-07-24
175,001872,招商港口,21.42,-6.5853,3,2,12083538.0,13121829.0,-1038291.0,138187733,-0.75136264085,0.281,493.14,日跌幅偏离值达到7%的前5只证券,2026-07-23
176,002731,*ST萃华,2.28,-9.8814,0,1,1158489.0,2266395.77,-1107906.77,143068804,-0.774387384968,25.7657,5.24,日换手率达到20%的前5只证券,2026-07-20
177,301609,山大电力,37.46,6.7236,1,3,13414922.79,14710957.37,-1296034.58,504253806,-0.257020287121,21.7012,13.73,连续三个交易日内，涨幅偏离值累计达到30%的证券,2026-07-20
178,002766,索菱股份,3.94,10.0559,1,3,9865102.0,11178257.0,-1313155.0,247294825,-0.531007876934,3.475,33.76,连续三个交易日内，涨幅偏离值累计达到20%的证券,2026-07-17
179,920117,龙鑫智能,25.99,4.3775,0,1,1529361.53,2856315.63,-1326954.1,162233600,-0.817928037102,30.6984,5.25,当日换手率达到20%的前5只股票,2026-07-23
180,920117,龙鑫智能,28.52,13.9433,1,1,4307199.36,5690012.61,-1382813.25,226353300,-0.610909251157,41.6378,5.77,当日换手率达到20%的前5只股票,2026-07-21
181,920079,乔路铭,15.22,-3.7318,0,1,3053554.07,4644868.78,-1591314.71,297781700,-0.534389692181,41.9766,6.85,当日换手率达到20%的前5只股票,2026-07-24
182,300317,珈伟新能,4.13,16.0112,4,5,62262622.24,64072700.16,-1810077.92,681958473,-0.265423481292,20.4783,34.23,日涨幅达到15%的前5只证券,2026-07-17
183,001388,信通电子,21.65,-9.9792,0,1,15155.0,1911300.24,-1896145.24,133196841,-1.423566224067,2.0713,27.09,连续三个交易日内，跌幅偏离值累计达到20%的证券,2026-07-22
184,920305,云创退,1.63,25.3846,1,1,441762.59,2593946.79,-2152184.2,175493600,-1.226360505454,27.7416,1.32,北交所股票连续10个交易日内3次出现同向异常波动情形,2026-07-23
185,920367,新赣江,31.0,-11.9818,1,1,4430242.54,6584546.43,-2154303.89,351485900,-0.612913317433,24.8997,13.02,当日换手率达到20%的前5只股票,2026-07-17
186,000779,甘咨询,9.91,-9.9909,1,1,3309387.0,5536055.0,-2226668.0,128493043,-1.732909384051,0.402,46.06,连续三个交易日内，跌幅偏离值累计达到20%的证券,2026-07-21
187,000011,深物业A,8.26,9.9867,2,1,18439025.3,20878097.66,-2439072.36,299493417,-0.814399322841,4.756,43.49,连续三个交易日内，涨幅偏离值累计达到20%的证券,2026-07-24
188,001314,亿道信息,49.74,-10.0054,1,2,3964278.0,6441330.0,-2477052.0,119758998,-2.068363998837,1.9401,61.73,日跌幅偏离值达到7%的前5只证券,2026-07-21
189,301357,北方长龙,86.33,20.0028,2,3,46713880.16,49283844.0,-2569963.84,564720361,-0.455086095258,7.3903,82.19,日涨幅达到15%的前5只证券,2026-07-23
190,001206,依依股份,19.4,-10.0186,2,1,12692811.47,15309948.76,-2617137.29,446450788,-0.58620958017,1.3567,20.73,连续三个交易日内，跌幅偏离值累计达到20%的证券,2026-07-22
191,001206,依依股份,21.56,-9.9791,2,1,12692811.47,15309948.76,-2617137.29,418324668,-0.625623466699,16.3843,23.04,日跌幅偏离值达到7%的前5只证券,2026-07-21
192,688679,通源环境,40.82,19.9882,1,1,23749289.11,26578997.38,-2829708.27,479982500,-0.589544050043,5.5143,53.76,有价格涨跌幅限制的连续3个交易日内收盘价格涨幅偏离值累计达到30%的证券,2026-07-23
193,301176,逸豪新材,39.66,-20.0081,4,4,104873114.61,107840880.81,-2967766.2,796097994,-0.372789056419,11.0312,65.06,日跌幅达到15%的前5只证券,2026-07-20
194,920193,吉和昌,32.12,6.3224,1,1,7561465.88,10545426.51,-2983960.63,192037800,-1.553840249159,24.5246,8.09,当日换手率达到20%的前5只股票,2026-07-21
195,002900,哈三联,12.1,10.0,2,4,48956332.0,52081059.93,-3124727.93,386774982,-0.807892980524,15.6239,19.5,连续三个交易日内，涨幅偏离值累计达到20%的证券,2026-07-23
196,920193,吉和昌,33.98,15.1864,0,1,2001856.26,5255916.13,-3254059.87,281351300,-1.156582489578,32.8447,8.56,当日换手率达到20%的前5只股票,2026-07-23
197,301042,安联锐视,41.63,-20.0038,2,1,29441239.84,33697171.34,-4255931.5,425740115,-0.999654801146,10.5726,38.4,日跌幅达到15%的前5只证券,2026-07-17
198,300649,杭州园林,20.92,-11.6927,4,4,72339818.0,76647094.0,-4307276.0,297974869,-1.445516534483,12.4052,22.2,日振幅值达到30%的前5只证券,2026-07-20
199,002396,星网锐捷,33.93,-1.9081,4,4,607140983.31,611878582.13,-4737598.82,5992262500,-0.07906193729,22.9313,256.99,日换手率达到20%的前5只证券,2026-07-23
200,920117,龙鑫智能,27.48,-22.2411,0,1,660625.12,5664595.17,-5003970.05,346945600,-1.442292408378,57.6238,5.55,当日收盘价跌幅达到-20%的前5只股票,2026-07-17
201,920117,龙鑫智能,27.48,-22.2411,0,1,660625.12,5664595.17,-5003970.05,346945600,-1.442292408378,57.6238,5.55,当日换手率达到20%的前5只股票,2026-07-17
202,002667,*ST威领,8.64,-3.6789,1,2,13112975.0,18589380.0,-5476405.0,272086857,-2.012741468067,12.2745,20.44,日振幅值达到15%的前5只证券,2026-07-24
203,002218,拓日新能,4.2,9.9476,1,2,41275916.96,46805559.84,-5529642.88,1205385072,-0.458744927944,17.9581,58.28,连续三个交易日内，涨幅偏离值累计达到20%的证券,2026-07-24
204,002759,ST天际,13.28,5.1465,0,1,5953686.0,11634465.93,-5680779.93,930709916,-0.610370624868,14.3379,66.53,日振幅值达到15%的前5只证券,2026-07-23
205,301292,海科新源,62.69,20.0038,3,4,91563428.71,97548889.16,-5985460.45,1152133060,-0.519511214269,23.6732,53.41,日涨幅达到15%的前5只证券,2026-07-23
206,300414,中光防雷,11.27,20.0213,1,4,7506363.0,13495930.25,-5989567.25,144511475,-4.144700100805,4.2352,35.34,日涨幅达到15%的前5只证券,2026-07-24
207,000601,韶能股份,7.05,8.7963,0,1,8579254.0,14779431.0,-6200177.0,1822494943,-0.340202699811,14.4762,73.89,连续三个交易日内，涨幅偏离值累计达到20%的证券,2026-07-20
208,002677,浙江美大,6.44,-10.0559,1,1,5558700.0,11910222.0,-6351522.0,309741725,-2.050586500737,1.69,35.52,连续三个交易日内，跌幅偏离值累计达到20%的证券,2026-07-21
209,603690,至纯科技,22.62,10.0195,0,1,0.0,6396691.0,-6396691.0,423157225,-1.511658225852,4.9809,86.63,有价格涨跌幅限制的日收盘价格涨幅偏离值达到7%的前五只证券,2026-07-24
210,920088,科力股份,53.7,8.2225,0,1,0.0,6580543.42,-6580543.42,498977700,-1.318805112934,28.0877,17.49,当日换手率达到20%的前5只股票,2026-07-22
211,920222,益坤电气,31.6,10.4895,0,1,0.0,6616917.18,-6616917.18,253592500,-2.609271638554,70.5218,3.65,当日换手率达到20%的前5只股票,2026-07-24
212,300368,汇金股份,9.41,20.0255,0,3,22112950.0,28900151.2,-6787201.2,830715141,-0.81703111753,9.7376,49.77,连续三个交易日内，涨幅偏离值累计达到30%的证券,2026-07-20
213,600605,汇通能源,25.52,-9.9824,0,1,0.0,7028379.0,-7028379.0,130839910,-5.371739402756,2.4447,52.64,有价格涨跌幅限制的日收盘价格跌幅偏离值达到7%的前五只证券,2026-07-22
214,605178,时空科技,72.6,-9.0112,1,1,16094027.0,23819628.0,-7725601.0,823850816,-0.937742713846,7.6892,71.93,非S证券连续三个交易日内收盘价格跌幅偏离值累计达到20%的证券,2026-07-21
215,300968,格林精密,11.16,8.9844,0,1,1385692.0,9125792.0,-7740100.0,693212464,-1.116555226855,11.3158,46.13,连续三个交易日内，涨幅偏离值累计达到30%的证券,2026-07-17
216,002265,建设工业,19.34,10.0114,4,4,73591416.0,81458895.87,-7867479.87,869768205,-0.904549030969,2.0365,199.79,连续三个交易日内，涨幅偏离值累计达到20%的证券,2026-07-24
217,003001,中岩大地,16.85,-9.9893,4,4,43140559.0,51156140.0,-8015581.0,421657614,-1.900969111873,20.5372,19.27,日跌幅偏离值达到7%的前5只证券,2026-07-22
218,300795,米奥会展,10.48,20.0458,2,3,14156764.58,22584475.4,-8427710.82,208097411,-4.049887396244,9.4379,18.23,连续三个交易日内，涨幅偏离值累计达到30%的证券,2026-07-17
219,300795,米奥会展,10.48,20.0458,2,3,7913783.58,16648144.4,-8734360.82,168320771,-5.189116451944,9.4379,18.23,日涨幅达到15%的前5只证券,2026-07-17
220,300834,星辉环材,38.08,20.0126,1,4,19985837.0,29694464.0,-9708627.0,221871275,-4.37579267528,3.2317,73.11,日涨幅达到15%的前5只证券,2026-07-22
221,920088,科力股份,44.51,6.4833,1,1,7996892.89,18063157.16,-10066264.27,339305100,-2.966729433186,23.7839,14.5,当日换手率达到20%的前5只股票,2026-07-17
222,000595,新能股份,6.07,9.9638,1,1,10134407.0,20239312.0,-10104905.0,727000475,-1.389944758977,10.5812,69.12,日涨幅偏离值达到7%的前5只证券,2026-07-24
223,300368,汇金股份,9.41,20.0255,0,3,11351256.0,21568566.3,-10217310.3,468053436,-2.182936714944,9.7376,49.77,日涨幅达到15%的前5只证券,2026-07-20
224,003001,中岩大地,17.6,-10.0204,3,2,30675376.0,41203441.9,-10528065.9,527291728,-1.996630203158,24.4069,20.13,日振幅值达到15%的前5只证券,2026-07-20
225,003001,中岩大地,17.6,-10.0204,3,2,30675376.0,41203441.9,-10528065.9,527291728,-1.996630203158,24.4069,20.13,日换手率达到20%的前5只证券,2026-07-20
226,002795,永和智控,5.7,-5.9406,4,5,44748626.0,55318506.68,-10569880.68,194729828,-5.427972072157,7.3663,24.76,日振幅值达到15%的前5只证券,2026-07-17
227,000899,赣能股份,11.76,9.9065,1,1,19390364.0,29976383.68,-10586019.68,1171080395,-0.903953283241,7.0044,114.74,连续三个交易日内，涨幅偏离值累计达到20%的证券,2026-07-20
228,301190,善水科技,17.42,19.9725,2,3,17645540.96,28310555.14,-10665014.18,207782761,-5.132771423708,8.8472,24.93,日涨幅达到15%的前5只证券,2026-07-20
229,605179,一鸣食品,15.7,7.3137,0,1,0.0,10777782.0,-10777782.0,576528013,-1.86942902287,4.4815,62.96,非S证券连续三个交易日内收盘价格涨幅偏离值累计达到20%的证券,2026-07-20
230,000596,古井贡酒,90.89,-6.8273,4,3,98819224.21,110219903.29,-11400679.08,987782931,-1.154168463759,2.6377,371.38,日跌幅偏离值达到7%的前5只证券,2026-07-23
231,002218,拓日新能,4.2,9.9476,0,2,16015760.96,27498112.0,-11482351.04,1006822540,-1.14045430886,17.9581,58.28,日涨幅偏离值达到7%的前5只证券,2026-07-24
232,301190,善水科技,19.25,7.362,4,3,59522046.0,71454093.43,-11932047.43,913171275,-1.306660399496,13.1816,27.55,连续三个交易日内，涨幅偏离值累计达到30%的证券,2026-07-22
233,002654,万润科技,12.41,7.2602,2,2,58713905.52,70716409.02,-12002503.5,1157043526,-1.037342436157,11.7669,104.89,日振幅值达到15%的前5只证券,2026-07-21
234,920088,科力股份,53.0,-3.6188,0,1,1005871.29,14456608.17,-13450736.88,495628900,-2.713872592982,27.6034,17.26,当日换手率达到20%的前5只股票,2026-07-24
235,603988,中电电机,17.17,9.9936,0,1,0.0,15176254.0,-15176254.0,292795880,-5.183219791207,2.0526,40.38,非S证券连续三个交易日内收盘价格涨幅偏离值累计达到20%的证券,2026-07-23
236,300688,创业黑马,20.9,-20.0153,3,2,42317498.0,57513039.5,-15195541.5,340601204,-4.461388075422,10.3248,31.01,日跌幅达到15%的前5只证券,2026-07-17
237,603683,晶华新材,15.88,-5.3071,1,1,45872487.8,61271163.88,-15398676.08,1278277001,-1.204643130398,28.6634,45.77,有价格涨跌幅限制的日换手率达到20%的前五只证券,2026-07-23
238,002829,星网宇达,20.72,9.9788,0,2,15905843.0,32021637.1,-16115794.1,786341051,-2.049466205472,20.1967,30.26,连续三个交易日内，涨幅偏离值累计达到20%的证券,2026-07-17
239,003001,中岩大地,19.56,10.0112,2,4,40058245.65,56475968.08,-16417722.43,376004003,-4.366369054321,5.0853,22.37,连续三个交易日内，涨幅偏离值累计达到20%的证券,2026-07-17
240,000676,智度股份,6.84,9.9678,0,1,0.0,16609509.9,-16609509.9,1722939795,-0.964021490954,20.4241,86.12,日涨幅偏离值达到7%的前5只证券,2026-07-17
241,001399,惠科股份,27.87,9.9842,2,4,286186892.36,303019261.69,-16832369.33,3018119710,-0.557710460398,27.8961,120.0,日振幅值达到15%的前5只证券,2026-07-21
242,001399,惠科股份,27.87,9.9842,2,4,286186892.36,303019261.69,-16832369.33,3018119710,-0.557710460398,27.8961,120.0,日换手率达到20%的前5只证券,2026-07-21
243,001896,豫能控股,14.82,6.1605,1,2,43243256.73,61626698.1,-18383441.37,2758015467,-0.666545985328,12.751,226.12,日振幅值达到15%的前5只证券,2026-07-20
244,002310,东方新能,2.38,5.7778,0,2,15994786.0,34505313.5,-18510527.5,1399283940,-1.322857139345,6.0475,104.7,连续三个交易日内，涨幅偏离值累计达到20%的证券,2026-07-17
245,300164,通源石油,12.49,3.0528,0,1,16014805.0,35116246.0,-19101441.0,2756807160,-0.692882740482,37.0513,72.84,日换手率达到30%的前5只证券,2026-07-23
246,002300,太阳电缆,7.1,10.0775,1,4,42566154.0,62068089.05,-19501935.05,777463667,-2.50840468536,11.785,51.28,连续三个交易日内，涨幅偏离值累计达到20%的证券,2026-07-24
247,000862,银星能源,5.42,8.4,1,4,23126469.0,43168954.78,-20042485.78,636250256,-3.150094729392,10.6095,34.04,连续三个交易日内，涨幅偏离值累计达到20%的证券,2026-07-20
248,300214,日科化学,10.26,20.0,4,5,80645920.0,100742700.0,-20096780.0,482493252,-4.165194003584,10.7857,47.7,日涨幅达到15%的前5只证券,2026-07-23
249,001230,劲旅环境,19.13,-1.6958,4,5,128340188.08,148713649.46,-20373461.38,718943085,-2.833807265842,19.4353,21.04,连续三个交易日内，涨幅偏离值累计达到20%的证券,2026-07-17
250,002759,ST天际,13.28,5.1465,0,2,22503400.14,42877365.8,-20373965.66,2143283436,-0.950595955616,14.3379,66.53,连续三个交易日内，日均换手率与前五个交易日的日均换手率的比值达到30倍，且换手率累计达20%的证券,2026-07-23
251,000767,晋控电力,3.99,6.117,3,3,184258571.3,204717080.16,-20458508.86,4044590026,-0.505824044674,16.2958,116.2,连续三个交易日内，涨幅偏离值累计达到20%的证券,2026-07-21
252,000603,盛达资源,24.83,10.0133,3,3,157299220.01,178083259.73,-20784039.72,2576324656,-0.806732166755,10.3748,165.55,连续三个交易日内，涨幅偏离值累计达到20%的证券,2026-07-23
253,301228,实朴检测,46.3,-20.0069,3,2,48199298.97,69151319.0,-20952020.03,351976218,-5.952680595596,5.8516,55.3,日跌幅达到15%的前5只证券,2026-07-17
254,002498,汉缆股份,6.5,9.9831,1,3,23941150.0,44943804.02,-21002654.02,924428010,-2.271962099028,2.2511,216.24,连续三个交易日内，涨幅偏离值累计达到20%的证券,2026-07-24
255,301158,德石股份,15.72,3.8995,3,3,69489550.3,90630682.1,-21141131.8,788299978,-2.681863806928,15.0198,29.89,连续三个交易日内，涨幅偏离值累计达到30%的证券,2026-07-24
256,301520,万邦医药,46.9,-12.0075,0,1,0.0,21183934.28,-21183934.28,1776736949,-1.192294351278,60.1393,15.34,连续三个交易日内，跌幅偏离值累计达到30%的证券,2026-07-21
257,301520,万邦医药,53.3,-19.994,0,1,0.0,21183934.28,-21183934.28,884165202,-2.395924905445,44.8678,17.43,日跌幅达到15%的前5只证券,2026-07-20
258,301520,万邦医药,53.3,-19.994,0,1,0.0,21183934.28,-21183934.28,884165202,-2.395924905445,44.8678,17.43,日换手率达到30%的前5只证券,2026-07-20
259,301070,开勒股份,59.59,14.0478,3,4,93322484.66,114735662.16,-21413177.5,469066236,-4.565064772643,10.7693,50.54,日振幅值达到30%的前5只证券,2026-07-21
260,300317,珈伟新能,4.65,12.5908,3,4,97302121.24,119267996.16,-21965874.92,1589873496,-1.381611491434,25.1596,38.54,连续三个交易日内，涨幅偏离值累计达到30%的证券,2026-07-20
261,301520,万邦医药,66.62,-0.045,1,1,21972276.32,44175537.42,-22203261.1,1119678338,-1.983003541862,51.932,21.78,日换手率达到30%的前5只证券,2026-07-17
262,301096,百诚医药,41.59,-20.0038,2,3,43251243.0,65534843.0,-22283600.0,392852178,-5.672260775909,10.5729,34.56,日跌幅达到15%的前5只证券,2026-07-17
263,002015,协鑫能科,14.5,-9.9938,1,2,22586683.0,45458301.18,-22871618.18,1742706817,-1.312419160635,7.1359,235.38,日跌幅偏离值达到7%的前5只证券,2026-07-24
264,301086,鸿富瀚,116.41,12.506,4,4,138526680.22,161960760.0,-23434079.78,883926412,-2.651134694231,12.5745,81.21,日振幅值达到30%的前5只证券,2026-07-21
265,002365,永安药业,12.6,-4.4006,0,2,6969191.0,30685454.0,-23716263.0,849386052,-2.792165346271,26.3938,30.91,日换手率达到20%的前5只证券,2026-07-17
266,000539,粤电力A,5.66,-10.0159,0,2,5618772.75,29492926.52,-23874153.77,815907662,-2.926085252279,5.4767,144.63,日跌幅偏离值达到7%的前5只证券,2026-07-24
267,688662,富信科技,84.6,19.1549,0,1,0.0,24122147.31,-24122147.31,1164866300,-2.070808238679,13.8753,97.04,有价格涨跌幅限制的日价格振幅达到30%的前五只证券,2026-07-21
268,301012,扬电科技,28.4,7.2913,1,3,66424739.62,91139275.94,-24714536.32,2510363754,-0.984500205622,17.8783,55.94,连续三个交易日内，涨幅偏离值累计达到30%的证券,2026-07-23
269,688049,炬芯科技,42.7,15.0943,0,1,0.0,26233660.58,-26233660.58,963449000,-2.722890425959,13.088,74.8,有价格涨跌幅限制的日收盘价格涨幅达到15%的前五只证券,2026-07-22
270,002412,汉森制药,7.09,-3.9295,4,5,75183781.1,101750919.55,-26567138.45,886773762,-2.995931948875,23.1493,35.3,日换手率达到20%的前5只证券,2026-07-24
271,002412,汉森制药,7.09,-3.9295,4,5,75183781.1,101750919.55,-26567138.45,886773762,-2.995931948875,23.1493,35.3,日振幅值达到15%的前5只证券,2026-07-24
272,000600,建投能源,8.98,10.049,3,4,72086381.0,98694863.18,-26608482.18,1421660254,-1.871648455046,8.1352,97.89,连续三个交易日内，涨幅偏离值累计达到20%的证券,2026-07-20
273,688432,有研硅,46.51,10.0308,0,1,0.0,26636329.02,-26636329.02,3196121100,-0.833395487424,6.1328,581.52,有价格涨跌幅限制的日价格振幅达到30%的前五只证券,2026-07-21
274,300444,双杰电气,9.54,20.0,2,4,46818893.0,74146085.0,-27327192.0,944382065,-2.893658510976,17.0631,59.86,日涨幅达到15%的前5只证券,2026-07-23
275,603162,海通发展,11.28,10.0488,0,1,0.0,27880753.0,-27880753.0,334262424,-8.340977327443,7.1743,47.58,有价格涨跌幅限制的日收盘价格涨幅偏离值达到7%的前五只证券,2026-07-22
276,002879,长缆科技,16.41,9.9866,2,4,43876157.0,72735348.9,-28859191.9,869664207,-3.318429304979,19.1667,22.5,连续三个交易日内，涨幅偏离值累计达到20%的证券,2026-07-23
277,605133,嵘泰股份,23.49,-10.0,0,1,0.0,29461711.0,-29461711.0,1038321366,-2.837436651573,4.4838,66.27,非S证券连续三个交易日内收盘价格跌幅偏离值累计达到20%的证券,2026-07-20
278,301583,托伦斯,136.0,-2.8571,3,4,124651340.81,154231101.09,-29579760.28,2118024108,-1.39657335194,48.697,41.93,日换手率达到30%的前5只证券,2026-07-17
279,301042,安联锐视,33.3,-20.0096,1,2,39465399.84,69729457.31,-30264057.47,986357976,-3.068263065376,10.4243,30.72,连续三个交易日内，跌幅偏离值累计达到30%的证券,2026-07-20
280,300164,通源石油,12.2,16.4122,0,1,19769301.0,52772909.46,-33003608.46,4803649493,-0.687052802418,39.3974,71.15,连续三个交易日内，涨幅偏离值累计达到30%的证券,2026-07-20
281,601678,滨化股份,6.54,5.1447,0,1,0.0,35037900.0,-35037900.0,3463517734,-1.011627561656,25.2271,133.63,有价格涨跌幅限制的日换手率达到20%的前五只证券,2026-07-24
282,603045,福达合金,50.63,-9.9911,0,1,0.0,35831588.0,-35831588.0,1373199254,-2.609350966047,5.9832,68.58,非S证券连续三个交易日内收盘价格跌幅偏离值累计达到20%的证券,2026-07-20
283,603823,百合花,73.74,-9.9963,0,1,0.0,37614325.94,-37614325.94,1438397376,-2.615016306871,4.4606,307.03,有价格涨跌幅限制的日收盘价格跌幅偏离值达到7%的前五只证券,2026-07-23
284,300814,中富电路,137.3,19.9965,3,3,130766356.7,168840034.72,-38073678.02,1399440150,-2.72063639306,6.0234,262.83,日涨幅达到15%的前5只证券,2026-07-21
285,002240,盛新锂能,30.42,10.0181,3,4,123656850.67,162769850.32,-39112999.65,1740611299,-2.247084094678,6.4675,277.71,日涨幅偏离值达到7%的前5只证券,2026-07-23
286,688308,欧科亿,85.6,-20.0,1,2,16606499.87,57039927.02,-40433427.15,1747450000,-2.313853166042,11.3985,135.92,有价格涨跌幅限制的日收盘价格跌幅达到15%的前五只证券,2026-07-20
287,301217,铜冠铜箔,103.24,-20.0,3,4,127019449.58,168166506.7,-41147057.12,2666149246,-1.543314095478,3.0213,855.88,日跌幅达到15%的前5只证券,2026-07-20
288,002515,金字火腿,7.06,-8.1925,3,3,95748463.35,137013888.44,-41265425.09,964321541,-4.279218428244,11.6558,77.79,日振幅值达到15%的前5只证券,2026-07-20
289,002379,宏桥控股,20.45,10.0054,1,3,75084933.72,117533876.9,-42448943.18,1472313931,-2.883144843381,6.5419,232.39,日涨幅偏离值达到7%的前5只证券,2026-07-23
290,002046,国机精工,50.77,-7.354,2,4,119299370.56,162490478.4,-43191107.84,1440219242,-2.998925898256,4.909,269.17,日振幅值达到15%的前5只证券,2026-07-17
291,603538,美诺华,29.23,4.5422,0,1,0.0,55986398.46,-55986398.46,2419724878,-2.313750582516,24.6331,98.48,有价格涨跌幅限制的日换手率达到20%的前五只证券,2026-07-22
292,300534,陇神戎发,13.26,-3.913,4,5,106354593.5,163031981.0,-56677387.5,1293582770,-4.381427212423,32.4033,40.05,日换手率达到30%的前5只证券,2026-07-22
293,002695,煌上煌,7.75,-8.1754,3,2,42853360.0,101300191.4,-58446831.4,535300228,-10.918514198727,6.1004,39.64,连续三个交易日内，跌幅偏离值累计达到20%的证券,2026-07-21
294,300164,通源石油,12.12,8.8949,1,1,33014228.0,92517716.0,-59503488.0,2638847511,-2.254904375943,38.0395,70.69,日换手率达到30%的前5只证券,2026-07-22
295,300577,开润股份,20.36,19.9764,0,2,74524.0,60131224.0,-60056700.0,464415471,-12.931675137928,11.9073,28.94,连续三个交易日内，涨幅偏离值累计达到30%的证券,2026-07-17
296,301357,北方长龙,92.58,7.2397,2,4,59054520.16,119116585.3,-60062065.14,1488069170,-4.036241483318,10.3267,88.14,连续三个交易日内，涨幅偏离值累计达到30%的证券,2026-07-24
297,300577,开润股份,20.36,19.9764,0,2,0.0,60131224.0,-60131224.0,344340545,-17.462719645751,11.9073,28.94,日涨幅达到15%的前5只证券,2026-07-17
298,001896,豫能控股,14.39,-10.0063,2,3,36746261.36,99209397.39,-62463136.03,2063902693,-3.02645741206,9.0867,219.56,日跌幅偏离值达到7%的前5只证券,2026-07-24
299,688371,菲沃泰,27.34,-20.0117,0,2,0.0,62999782.42,-62999782.42,457897800,-13.758481132689,4.4981,91.72,有价格涨跌幅限制的日收盘价格跌幅达到15%的前五只证券,2026-07-17
300,003031,中瓷电子,110.0,10.0,3,4,130857771.0,195652655.72,-64794884.72,1489147810,-4.351138569649,4.3613,374.17,日振幅值达到15%的前5只证券,2026-07-21
301,000811,冰轮环境,40.2,-7.0735,4,3,323422767.13,391576935.98,-68154168.85,2243732058,-3.037535993079,5.4829,393.32,日振幅值达到15%的前5只证券,2026-07-20
302,000975,山金国际,22.52,10.0147,1,4,134499944.63,205682137.06,-71182192.43,2073040806,-3.433709178516,3.7072,568.23,日涨幅偏离值达到7%的前5只证券,2026-07-22
303,688359,三孚新科,124.0,17.1801,1,1,31716993.78,103795089.69,-72078095.91,1332538400,-5.409082087991,12.799,123.6,有价格涨跌幅限制的日价格振幅达到30%的前五只证券,2026-07-21
304,300534,陇神戎发,13.8,14.6179,5,4,147670120.2,221555370.02,-73885249.82,1504432006,-4.911172424233,39.5352,41.68,日换手率达到30%的前5只证券,2026-07-21
305,300005,探路者,11.9,-19.9731,3,4,177161498.51,252701622.2,-75540123.69,1478846563,-5.108043361629,13.1871,104.31,日跌幅达到15%的前5只证券,2026-07-20
306,300005,探路者,11.9,-19.9731,3,4,177161498.51,252701622.2,-75540123.69,1478846563,-5.108043361629,13.1871,104.31,日振幅值达到30%的前5只证券,2026-07-20
307,300164,通源石油,10.48,6.288,0,3,20465651.0,96928519.03,-76462868.03,2097661266,-3.645148493198,35.2019,61.12,日换手率达到30%的前5只证券,2026-07-17
308,300201,海伦哲,10.58,-16.2312,4,4,128290725.68,212129639.22,-83838913.54,1090534859,-7.687871033933,9.5809,106.19,日振幅值达到30%的前5只证券,2026-07-20
309,002432,九安医疗,79.2,10.0,0,3,112237908.04,198431537.1,-86193629.06,3594431327,-2.39797679295,9.8105,368.5,日涨幅偏离值达到7%的前5只证券,2026-07-17
310,600436,片仔癀,146.63,3.8824,0,1,0.0,87846294.83,-87846294.83,7480920405,-1.174271213623,4.288,884.64,非S证券连续三个交易日内收盘价格涨幅偏离值累计达到20%的证券,2026-07-17
311,603738,泰晶科技,30.62,-9.9941,0,1,0.0,88254032.0,-88254032.0,3675701585,-2.401011887367,9.3839,118.16,非S证券连续三个交易日内收盘价格跌幅偏离值累计达到20%的证券,2026-07-20
312,001309,德明利,508.0,5.1999,1,1,217536701.7,306102790.1,-88566088.4,18834643454,-0.470229705257,24.6157,838.55,日换手率达到20%的前5只证券,2026-07-21
313,002463,沪电股份,115.02,-10.0,3,3,706727944.69,796644610.18,-89916665.49,10440701014,-0.861212914434,4.5468,2211.62,日跌幅偏离值达到7%的前5只证券,2026-07-20
314,001309,德明利,457.2,-10.0,1,2,259675576.79,355671210.54,-95995633.75,12105000841,-0.79302459381,15.5378,754.69,日跌幅偏离值达到7%的前5只证券,2026-07-22
315,002141,贤丰控股,5.54,7.1567,3,4,158752575.0,263160578.63,-104408003.63,1674753794,-6.234230010647,29.6113,57.22,日换手率达到20%的前5只证券,2026-07-23
316,603163,圣晖集成,82.02,-9.9967,0,1,0.0,117632931.18,-117632931.18,1150956485,-10.22044992257,4.1431,82.02,非S证券连续三个交易日内收盘价格跌幅偏离值累计达到20%的证券,2026-07-17
317,301511,德福科技,76.98,-19.9958,3,4,626590473.2,748836742.99,-122246269.79,4066952185,-3.005844775871,12.9492,288.39,日跌幅达到15%的前5只证券,2026-07-20
318,002141,贤丰控股,4.9,-9.9265,2,3,73458223.0,197633766.5,-124175543.5,1484854978,-8.362806155471,27.2961,50.61,连续三个交易日内，跌幅偏离值累计达到20%的证券,2026-07-21
319,600353,旭光电子,30.1,-9.988,0,1,0.0,124892977.0,-124892977.0,4916916954,-2.540066837989,6.1778,249.47,非S证券连续三个交易日内收盘价格跌幅偏离值累计达到20%的证券,2026-07-17
320,002141,贤丰控股,4.9,-9.9265,2,3,64449039.0,197633766.5,-133184727.5,1401477186,-9.503167716924,27.2961,50.61,日跌幅偏离值达到7%的前5只证券,2026-07-21
321,002141,贤丰控股,4.9,-9.9265,2,3,64449039.0,197633766.5,-133184727.5,1401477186,-9.503167716924,27.2961,50.61,日换手率达到20%的前5只证券,2026-07-21
322,300005,探路者,14.87,-20.0108,4,4,250566397.55,383774474.31,-133208076.76,1552881419,-8.578122909461,11.0388,130.34,日跌幅达到15%的前5只证券,2026-07-17
323,002409,雅克科技,143.55,10.0,3,4,552664306.4,685954932.24,-133290625.84,5945087623,-2.242029626684,14.3473,457.24,日振幅值达到15%的前5只证券,2026-07-21
324,002396,星网锐捷,29.95,5.0509,1,4,371751272.32,505188806.16,-133437533.84,5993682671,-2.22630294536,26.4314,226.85,日换手率达到20%的前5只证券,2026-07-17
325,002396,星网锐捷,31.61,9.9861,2,3,267713062.65,407649624.28,-139936561.63,6550440679,-2.136292327303,28.7047,239.42,日换手率达到20%的前5只证券,2026-07-21
326,301583,托伦斯,174.0,20.0,3,5,236570047.34,378709655.82,-142139608.48,2195569708,-6.473928291235,43.8288,53.65,日涨幅达到15%的前5只证券,2026-07-24
327,301583,托伦斯,174.0,20.0,3,5,236570047.34,378709655.82,-142139608.48,2195569708,-6.473928291235,43.8288,53.65,日换手率达到30%的前5只证券,2026-07-24
328,002432,九安医疗,73.48,-9.9951,1,3,107895679.5,310197109.92,-202301430.42,3788001416,-5.340584867933,10.8716,341.88,日跌幅偏离值达到7%的前5只证券,2026-07-23
329,002558,巨人网络,25.26,-9.8501,0,3,0.0,204992693.21,-204992693.21,4049815212,-5.061778932594,8.2295,480.08,日跌幅偏离值达到7%的前5只证券,2026-07-23
330,300005,探路者,11.04,-7.2269,3,3,424127131.06,636474867.14,-212347736.08,5020326919,-4.229759127366,22.4611,96.77,连续三个交易日内，跌幅偏离值累计达到30%的证券,2026-07-21
331,002156,通富微电,69.82,-6.7824,3,2,736146064.33,954031506.2,-217885441.87,14982780765,-1.454239004678,13.5563,1059.49,日跌幅偏离值达到7%的前5只证券,2026-07-23
332,688502,茂莱光学,363.92,-20.0,0,3,0.0,218404974.1,-218404974.1,1266878500,-17.239614856515,5.9278,192.15,有价格涨跌幅限制的日收盘价格跌幅达到15%的前五只证券,2026-07-20
333,688257,新锐股份,58.44,-14.1598,1,3,34225148.19,266764013.03,-232538864.84,1854601700,-12.538480086587,8.3256,207.62,有价格涨跌幅限制的日价格振幅达到30%的前五只证券,2026-07-20
334,300285,国瓷材料,59.9,19.992,3,4,343762122.23,578594692.13,-234832569.9,6099771968,-3.84985817719,13.154,511.35,日涨幅达到15%的前5只证券,2026-07-21
335,603115,海星股份,65.66,-9.9931,0,3,0.0,274832972.0,-274832972.0,1835977395,-14.969300425401,3.8125,158.83,非S证券连续三个交易日内收盘价格跌幅偏离值累计达到20%的证券,2026-07-20
336,688347,华虹宏力,397.78,20.0012,0,2,0.0,324170820.85,-324170820.85,12877385800,-2.517365138272,8.6834,1621.95,有价格涨跌幅限制的日收盘价格涨幅达到15%的前五只证券,2026-07-21
337,688668,鼎通科技,243.46,-19.9987,0,3,0.0,346214381.21,-346214381.21,2242004900,-15.442177722716,6.1478,339.07,有价格涨跌幅限制的日收盘价格跌幅达到15%的前五只证券,2026-07-17
338,688635,长进光子,276.2,8.4967,2,2,8122797200.0,8482485500.0,-359688300.0,38807359800,-0.926855889846,17.0856,49.04,有价格涨跌幅限制的连续30个交易日内收盘价格跌幅偏离值累计达到-70%的证券,2026-07-21
339,603256,宏和科技,144.25,-10.0012,1,2,449392000.0,843056991.44,-393664991.44,7579532344,-5.193789980349,1.7577,1269.01,非S证券连续三个交易日内收盘价格跌幅偏离值累计达到20%的证券,2026-07-20
340,605376,博迁新材,134.48,-9.9987,0,2,0.0,411203258.04,-411203258.04,6199411842,-6.632939842037,4.1862,351.8,非S证券连续三个交易日内收盘价格跌幅偏离值累计达到20%的证券,2026-07-20
341,688361,中科飞测,366.46,20.0013,1,2,193876922.53,617266647.16,-423389724.63,5569561900,-7.601849700782,4.7238,1290.13,有价格涨跌幅限制的日收盘价格涨幅达到15%的前五只证券,2026-07-21
342,002384,东山精密,217.73,-9.9992,2,3,884319006.81,1397791523.02,-513472516.21,24583739099,-2.088667285893,7.8498,3018.44,日跌幅偏离值达到7%的前5只证券,2026-07-20
343,600176,中国巨石,38.7,-10.0,0,1,0.0,558338593.3,-558338593.3,11339760425,-4.923724773489,6.9711,1537.0,有价格涨跌幅限制的日收盘价格跌幅偏离值达到7%的前五只证券,2026-07-22
344,600176,中国巨石,39.44,-9.9543,0,2,0.0,1541617424.07,-1541617424.07,26162167268,-5.892544789115,5.3242,1566.39,非S证券连续三个交易日内收盘价格跌幅偏离值累计达到20%的证券,2026-07-20
