日期,收盘价,涨跌幅,主力净流入-净额,主力净流入-净占比,超大单净流入-净额,超大单净流入-净占比,大单净流入-净额,大单净流入-净占比,中单净流入-净额,中单净流入-净占比,小单净流入-净额,小单净流入-净占比
2026-01-22,27.25,-0.55,-37585118.0,-7.86,-41387271.0,-8.65,3802153.0,0.79,39081339.0,8.17,-1496222.0,-0.31
2026-01-23,27.57,1.17,23346231.0,4.04,14807165.0,2.56,8539066.0,1.48,19255004.0,3.33,-42601234.0,-7.37
2026-01-26,28.16,2.14,60372411.0,5.48,17363387.0,1.58,43009024.0,3.9,20160848.0,1.83,-80533248.0,-7.31
2026-01-27,27.68,-1.7,1750058.0,0.21,-8363751.0,-1.0,10113809.0,1.21,18562956.0,2.23,-20313019.0,-2.44
2026-01-28,26.96,-2.6,-77525282.0,-9.39,-96700049.0,-11.71,19174767.0,2.32,61156404.0,7.4,16368878.0,1.98
2026-01-29,27.12,0.59,-62934597.0,-8.1,-14037260.0,-1.81,-48897337.0,-6.3,12142561.0,1.56,50792037.0,6.54
2026-01-30,26.67,-1.66,-17813872.0,-3.17,-1486218.0,-0.26,-16327654.0,-2.91,7339334.0,1.31,10474537.0,1.87
2026-02-02,26.25,-1.57,-47379879.0,-10.1,-35971659.0,-7.67,-11408220.0,-2.43,21443056.0,4.57,25936824.0,5.53
2026-02-03,26.34,0.34,-25727321.0,-5.7,-24394072.0,-5.41,-1333249.0,-0.3,34831370.0,7.72,-9104050.0,-2.02
2026-02-04,26.64,1.14,2997422.0,0.78,-14754812.0,-3.84,17752234.0,4.63,-1061169.0,-0.28,-1936253.0,-0.5
2026-02-05,26.6,-0.15,-21289947.0,-6.86,-24246597.0,-7.81,2956650.0,0.95,12091473.0,3.89,9198474.0,2.96
2026-02-06,26.68,0.3,11193274.0,3.29,17926829.0,5.27,-6733555.0,-1.98,-8724718.0,-2.56,-2468556.0,-0.73
2026-02-09,26.82,0.52,17932810.0,5.87,12004351.0,3.93,5928459.0,1.94,-5194887.0,-1.7,-12737923.0,-4.17
2026-02-10,27.08,0.97,52184698.0,12.58,9534542.0,2.3,42650156.0,10.28,-27760681.0,-6.69,-24424018.0,-5.89
2026-02-11,27.23,0.55,54590367.0,13.47,22153951.0,5.47,32436416.0,8.01,-37907964.0,-9.36,-16682402.0,-4.12
2026-02-12,26.87,-1.32,-47432950.0,-14.25,-34141209.0,-10.26,-13291741.0,-3.99,19423789.0,5.84,28009161.0,8.42
2026-02-13,26.57,-1.12,-29905058.0,-10.77,-15523604.0,-5.59,-14381454.0,-5.18,15945222.0,5.74,13959837.0,5.03
2026-02-24,26.53,-0.15,11919971.0,3.66,1096913.0,0.34,10823058.0,3.32,3153017.0,0.97,-15072989.0,-4.63
2026-02-25,26.48,-0.19,-115802476.0,-14.96,-78800147.0,-10.18,-37002329.0,-4.78,27699513.0,3.58,88102960.0,11.38
2026-02-26,26.51,0.11,825766.0,0.21,-466306.0,-0.12,1292072.0,0.33,12153053.0,3.09,-12978819.0,-3.3
2026-02-27,26.48,-0.11,-144279.0,-0.04,-18281018.0,-5.47,18136739.0,5.43,14428254.0,4.32,-14283974.0,-4.27
2026-03-02,26.14,-1.28,-127427352.0,-22.88,-76512040.0,-13.74,-50915312.0,-9.14,46562103.0,8.36,80865249.0,14.52
2026-03-03,25.5,-2.45,-95418183.0,-18.74,-45389066.0,-8.92,-50029117.0,-9.83,16372309.0,3.22,79045873.0,15.53
2026-03-04,25.01,-1.92,-65772834.0,-14.78,-43847753.0,-9.86,-21925081.0,-4.93,17763532.0,3.99,48009302.0,10.79
2026-03-05,25.23,0.88,-5150890.0,-1.76,4857710.0,1.66,-10008600.0,-3.42,-906281.0,-0.31,6057172.0,2.07
2026-03-06,25.91,2.7,10468366.0,2.63,-2656760.0,-0.67,13125126.0,3.3,-15278435.0,-3.84,4810069.0,1.21
2026-03-09,25.72,-0.73,-9557472.0,-2.74,3203614.0,0.92,-12761086.0,-3.66,6637986.0,1.9,2919487.0,0.84
2026-03-10,26.17,1.75,-4038914.0,-1.23,4387353.0,1.33,-8426267.0,-2.56,-2017620.0,-0.61,6056535.0,1.84
2026-03-11,25.97,-0.76,-27255382.0,-7.98,24135519.0,7.06,-51390901.0,-15.04,-10987844.0,-3.22,38243227.0,11.19
2026-03-12,25.75,-0.85,-44261853.0,-14.31,-15635827.0,-5.05,-28626026.0,-9.25,-4219856.0,-1.36,48481710.0,15.67
2026-03-13,25.55,-0.78,-34588630.0,-12.2,-31175592.0,-11.0,-3413038.0,-1.2,1400133.0,0.49,33188498.0,11.71
2026-03-16,25.61,0.23,-3475444.0,-1.41,-9248318.0,-3.74,5772874.0,2.33,8233105.0,3.33,-4757662.0,-1.92
2026-03-17,25.71,0.39,98586.0,0.03,-17875211.0,-4.84,17973797.0,4.87,-3434568.0,-0.93,3335982.0,0.9
2026-03-18,25.76,0.19,-6710026.0,-2.72,2628769.0,1.07,-9338795.0,-3.78,3050758.0,1.24,3659270.0,1.48
2026-03-19,25.26,-1.94,-29519875.0,-11.48,-10990880.0,-4.27,-18528995.0,-7.2,1985194.0,0.77,27534681.0,10.71
2026-03-20,24.86,-1.58,-25083971.0,-8.02,1264317.0,0.4,-26348288.0,-8.42,-3396583.0,-1.09,28480555.0,9.1
2026-03-23,23.8,-4.26,-72476856.0,-14.07,-38265523.0,-7.43,-34211333.0,-6.64,9734496.0,1.89,62742360.0,12.18
2026-03-24,24.31,2.14,5175775.0,1.59,-456094.0,-0.14,5631869.0,1.73,-19946227.0,-6.14,14770451.0,4.55
2026-03-25,25.36,4.32,-40615643.0,-6.83,-8169380.0,-1.37,-32446263.0,-5.46,-35503761.0,-5.97,76119405.0,12.8
2026-03-26,25.29,-0.28,-27210957.0,-7.51,205189.0,0.06,-27416146.0,-7.57,-8722913.0,-2.41,35933869.0,9.92
2026-03-27,26.13,3.32,46246464.0,7.85,25421043.0,4.32,20825421.0,3.54,-31024880.0,-5.27,-15221584.0,-2.58
2026-03-30,26.66,2.03,62548.0,0.01,51154437.0,5.96,-51091889.0,-5.95,-41084378.0,-4.78,41021824.0,4.78
2026-03-31,26.63,-0.11,-13641535.0,-1.72,-34559003.0,-4.36,20917468.0,2.64,-19961294.0,-2.52,33602830.0,4.24
2026-04-01,27.07,1.65,11203420.0,1.44,17205918.0,2.22,-6002498.0,-0.77,-65816104.0,-8.48,54612685.0,7.03
2026-04-02,27.06,-0.04,-64631925.0,-7.43,-18094982.0,-2.08,-46536943.0,-5.35,-2041856.0,-0.23,66673781.0,7.66
2026-04-03,26.7,-1.33,-55616374.0,-10.62,-25978908.0,-4.96,-29637466.0,-5.66,2771806.0,0.53,52844569.0,10.09
2026-04-07,26.68,-0.07,-31633311.0,-7.06,-9882938.0,-2.2,-21750373.0,-4.85,-8249089.0,-1.84,39882400.0,8.9
2026-04-08,26.8,0.45,23418079.0,4.1,-8266486.0,-1.45,31684565.0,5.54,13921190.0,2.44,-37339268.0,-6.53
2026-04-09,26.56,-0.9,-5469442.0,-1.13,-16028341.0,-3.3,10558899.0,2.17,8005010.0,1.65,-2535568.0,-0.52
2026-04-10,26.48,-0.3,-4089063.0,-1.0,-6455818.0,-1.58,2366755.0,0.58,-1879537.0,-0.46,5968600.0,1.46
2026-04-13,26.35,-0.49,4532230.0,1.38,-9601479.0,-2.92,14133709.0,4.3,-3489708.0,-1.06,-1042524.0,-0.32
2026-04-14,26.46,0.42,-12235672.0,-2.79,-864976.0,-0.2,-11370696.0,-2.6,10712652.0,2.45,1523020.0,0.35
2026-04-15,26.8,1.28,28248617.0,3.4,22016387.0,2.65,6232230.0,0.75,14370091.0,1.73,-42618712.0,-5.13
2026-04-16,26.7,-0.37,-16181043.0,-3.83,-7585683.0,-1.8,-8595360.0,-2.03,-189014.0,-0.04,16370058.0,3.87
2026-04-17,26.15,-2.06,18580843.0,3.49,29231700.0,5.48,-10650857.0,-2.0,30419140.0,5.71,-48999983.0,-9.19
2026-04-20,25.87,-1.07,-20429594.0,-5.22,-9503669.0,-2.43,-10925925.0,-2.79,-13041129.0,-3.33,33470723.0,8.56
2026-04-21,25.63,-0.93,-23507053.0,-6.8,256232.0,0.07,-23763285.0,-6.87,-9088288.0,-2.63,32595340.0,9.43
2026-04-22,25.59,-0.16,-8026155.0,-1.78,-19173671.0,-4.24,11147516.0,2.47,-16611962.0,-3.68,24638116.0,5.45
2026-04-23,25.57,-0.08,-31203077.0,-7.77,-31704253.0,-7.9,501176.0,0.12,-8446612.0,-2.1,39649690.0,9.88
2026-04-24,25.38,-0.74,6795713.0,2.18,6354344.0,2.04,441369.0,0.14,-6343124.0,-2.04,-452589.0,-0.15
2026-04-27,25.37,-0.04,13189493.0,4.5,-4414796.0,-1.5,17604289.0,6.0,-6135597.0,-2.09,-7053895.0,-2.4
2026-04-28,25.3,-0.28,-8435193.0,-1.34,24548134.0,3.9,-32983327.0,-5.24,22375711.0,3.55,-13940518.0,-2.21
2026-04-29,25.28,-0.08,-10886237.0,-1.71,-44328418.0,-6.96,33442181.0,5.25,23459388.0,3.68,-12573150.0,-1.97
2026-04-30,24.89,-1.54,28091155.0,4.07,63687918.0,9.22,-35596763.0,-5.16,-18101944.0,-2.62,-9989211.0,-1.45
2026-05-06,24.77,-0.48,28511051.0,4.9,-2098639.0,-0.36,30609690.0,5.26,25477120.0,4.38,-53988171.0,-9.27
2026-05-07,24.73,-0.16,12314115.0,2.4,-10162847.0,-1.98,22476962.0,4.39,14794008.0,2.89,-27108123.0,-5.29
2026-05-08,24.82,0.36,6083509.0,1.26,8152099.0,1.69,-2068590.0,-0.43,16528446.0,3.42,-22611954.0,-4.68
2026-05-11,25.39,2.3,47273087.0,4.76,-13784206.0,-1.39,61057293.0,6.15,19663712.0,1.98,-66936793.0,-6.74
2026-05-12,25.32,-0.28,-2868892.0,-0.37,-21691186.0,-2.77,18822294.0,2.4,22474044.0,2.87,-19605148.0,-2.5
2026-05-13,24.97,-1.38,-55739738.0,-11.45,-17513144.0,-3.6,-38226594.0,-7.85,26024663.0,5.34,29715075.0,6.1
2026-05-14,24.5,-1.88,-46015318.0,-8.58,-22345127.0,-4.17,-23670191.0,-4.41,7123285.0,1.33,38892033.0,7.25
2026-05-15,24.13,-1.51,-37441226.0,-8.14,-29051985.0,-6.32,-8389241.0,-1.82,707739.0,0.15,36733487.0,7.99
2026-05-18,24.06,-0.29,-44374994.0,-13.08,-31872223.0,-9.39,-12502771.0,-3.68,25757266.0,7.59,18617729.0,5.49
2026-05-19,24.19,0.54,16612120.0,6.58,5321624.0,2.11,11290496.0,4.48,8102693.0,3.21,-24714814.0,-9.8
2026-05-20,24.02,-0.7,-18072587.0,-6.85,-12202113.0,-4.62,-5870474.0,-2.22,20970690.0,7.94,-2898103.0,-1.1
2026-05-21,23.71,-1.29,14078153.0,2.99,13851178.0,2.94,226975.0,0.05,-10802777.0,-2.29,-3275375.0,-0.69
2026-05-22,23.4,-1.31,-26562879.0,-5.26,-36913574.0,-7.32,10350695.0,2.05,4235801.0,0.84,22327078.0,4.43
2026-05-25,23.3,-0.43,-30396930.0,-8.75,-20094604.0,-5.79,-10302326.0,-2.97,17316599.0,4.99,13080332.0,3.77
2026-05-26,23.17,-0.56,-19468833.0,-7.25,-3184281.0,-1.19,-16284552.0,-6.07,7034112.0,2.62,12434721.0,4.63
2026-05-27,23.32,0.65,-54359687.0,-10.34,-47683714.0,-9.07,-6675973.0,-1.27,26488593.0,5.04,27871095.0,5.3
2026-05-28,22.75,-2.44,-43090060.0,-11.48,-41510057.0,-11.06,-1580003.0,-0.42,10274388.0,2.74,32815671.0,8.74
2026-05-29,23.25,2.2,45937574.0,7.56,19696587.0,3.24,26240987.0,4.32,-13996169.0,-2.3,-31941404.0,-5.26
2026-06-01,22.99,-1.12,-60561209.0,-10.41,-21266064.0,-3.65,-39295145.0,-6.75,3343571.0,0.57,57217639.0,9.83
2026-06-02,22.72,-1.17,-12218492.0,-2.86,-3119941.0,-0.73,-9098551.0,-2.13,-33297308.0,-7.8,45515799.0,10.66
2026-06-03,22.18,-2.38,-49408479.0,-9.01,-43518598.0,-7.93,-5889881.0,-1.07,-32665329.0,-5.95,82073808.0,14.96
2026-06-04,21.82,-1.62,-53257401.0,-13.23,-8317600.0,-2.07,-44939801.0,-11.16,-11816354.0,-2.93,65073755.0,16.16
2026-06-05,22.02,0.92,422989.0,0.12,-7337098.0,-2.02,7760087.0,2.14,-17901900.0,-4.94,17478910.0,4.82
2026-06-08,21.65,-1.68,-34063710.0,-9.71,-15515492.0,-4.42,-18548218.0,-5.29,5236057.0,1.49,28827653.0,8.22
2026-06-09,21.83,0.83,-3960898.0,-1.59,-4553118.0,-1.82,592220.0,0.24,121593.0,0.05,3839305.0,1.54
2026-06-10,22.11,1.28,8484236.0,2.51,-1716057.0,-0.51,10200293.0,3.01,-6482279.0,-1.92,-2001958.0,-0.59
2026-06-11,21.78,-1.49,-17838367.0,-5.17,-1337625.0,-0.39,-16500742.0,-4.78,886440.0,0.26,16951926.0,4.91
2026-06-12,22.36,2.66,13681973.0,3.18,8889261.0,2.07,4792712.0,1.12,7064124.0,1.64,-20746097.0,-4.83
2026-06-15,22.31,-0.22,2782399.0,0.74,4789368.0,1.28,-2006969.0,-0.54,4719791.0,1.26,-7502190.0,-2.0
2026-06-16,21.85,-2.06,-32643496.0,-8.87,-33314850.0,-9.05,671354.0,0.18,10578088.0,2.87,22065409.0,5.99
2026-06-17,21.58,-1.24,-49454261.0,-12.48,-31891111.0,-8.05,-17563150.0,-4.43,7643288.0,1.93,41810974.0,10.55
2026-06-18,21.79,0.97,-14779514.0,-3.35,-19754622.0,-4.47,4975108.0,1.13,-14978329.0,-3.39,29757843.0,6.74
2026-06-22,22.06,1.24,-35517097.0,-6.92,-34052130.0,-6.63,-1464967.0,-0.29,17697442.0,3.45,17819655.0,3.47
2026-06-23,22.26,0.91,4168945.0,0.58,10481734.0,1.47,-6312789.0,-0.88,5899050.0,0.83,-10067996.0,-1.41
2026-06-24,22.5,1.08,63251286.0,8.38,40601571.0,5.38,22649715.0,3.0,3751885.0,0.5,-67003176.0,-8.88
2026-06-25,22.18,-1.42,-19724394.0,-3.11,-11742291.0,-1.85,-7982103.0,-1.26,22034761.0,3.47,-2310368.0,-0.36
2026-06-26,21.21,-4.37,-47636380.0,-8.35,-29810312.0,-5.23,-17826068.0,-3.13,-3416086.0,-0.6,51052466.0,8.95
2026-06-29,22.73,7.17,-2574327.0,-0.23,20039871.0,1.76,-22614198.0,-1.98,-24428784.0,-2.14,27003104.0,2.37
2026-06-30,22.47,-1.14,29241162.0,3.78,-2005397.0,-0.26,31246559.0,4.04,-276082.0,-0.04,-28965075.0,-3.75
2026-07-01,23.12,2.89,68295123.0,6.67,38924097.0,3.8,29371026.0,2.87,21546528.0,2.1,-89841648.0,-8.77
2026-07-02,23.03,-0.39,2819850.0,0.32,8670462.0,0.98,-5850612.0,-0.66,15386848.0,1.74,-18206695.0,-2.05
2026-07-03,23.29,1.13,2060105.0,0.3,-8931111.0,-1.29,10991216.0,1.59,-2350609.0,-0.34,290503.0,0.04
2026-07-06,24.08,3.39,89477496.0,7.04,67708248.0,5.33,21769248.0,1.71,-30970128.0,-2.44,-58507392.0,-4.6
2026-07-07,23.19,-3.7,-38454272.0,-4.75,-16653478.0,-2.06,-21800794.0,-2.69,-2368640.0,-0.29,40822906.0,5.04
2026-07-08,22.95,-1.03,-43787860.0,-7.9,-14036505.0,-2.53,-29751355.0,-5.37,11478190.0,2.07,32309671.0,5.83
2026-07-09,22.95,0.0,-42175108.0,-6.92,-42617487.0,-7.0,442379.0,0.07,19322291.0,3.17,22852818.0,3.75
2026-07-10,23.45,2.18,51055084.0,5.81,23574460.0,2.68,27480624.0,3.13,-17715808.0,-2.02,-33339280.0,-3.8
2026-07-13,23.79,1.45,44917951.0,5.08,48422711.0,5.47,-3504760.0,-0.4,-32464688.0,-3.67,-12453252.0,-1.41
2026-07-14,24.05,1.09,4682644.0,0.49,943305.0,0.1,3739339.0,0.39,7945856.0,0.84,-12628506.0,-1.33
2026-07-15,24.84,3.28,87761679.0,5.96,62516127.0,4.25,25245552.0,1.72,-35555568.0,-2.42,-52206112.0,-3.55
2026-07-16,24.71,-0.52,-13196321.0,-1.08,-13824785.0,-1.13,628464.0,0.05,-30490512.0,-2.49,43686848.0,3.57
2026-07-17,23.4,-5.3,-194092233.0,-16.98,-105823267.0,-9.26,-88268966.0,-7.72,42099968.0,3.68,151992267.0,13.3
2026-07-20,24.0,2.56,-62645669.0,-7.36,-23300532.0,-2.74,-39345137.0,-4.62,3589190.0,0.42,59056487.0,6.94
2026-07-21,23.69,-1.29,-43990901.0,-5.78,-26935606.0,-3.54,-17055295.0,-2.24,9360266.0,1.23,34630636.0,4.55
2026-07-22,23.97,1.18,8100508.0,1.15,8734035.0,1.24,-633527.0,-0.09,-14013214.0,-1.99,5912706.0,0.84
2026-07-23,23.71,-1.08,-17145072.0,-3.5,-3901386.0,-0.8,-13243686.0,-2.7,-3188123.0,-0.65,20333195.0,4.15
